Customer_ID,Date,Age,Gender,Location,Device_Type,Traffic_Source,Campaign,Product_Category,Time_Spent_Min,Added_To_Cart,Purchased,Quantity,Revenue,Ad_Spend,Payment_Method
CUST0471,01-01-2026,31,Female,Mumbai,Tablet,Direct,Diwali Sale,Books,9.2,0,0,0,0,0,Not Applicable
CUST0109,02-01-2026,41,Male,Vijayawada,Mobile,WhatsApp,Summer Sale,Fashion,17.4,1,0,0,0,15.62,Not Applicable
CUST0058,02-01-2026,31,Other,Karimnagar,Mobile,Facebook,Summer Sale,Books,16,1,0,0,0,88.2,Not Applicable
CUST0464,02-01-2026,28,Male,Visakhapatnam,Mobile,Facebook,Weekend Offer,Beauty,17.5,1,1,2,2598,81.8,Wallet
CUST0396,03-01-2026,42,Other,Chennai,Mobile,Instagram,Weekend Offer,Sports,11.2,1,0,0,0,61.93,Not Applicable
CUST0439,04-01-2026,34,Female,Hyderabad,Desktop,Direct,Flash Sale,Electronics,6.2,1,1,2,15698,0,UPI
CUST0460,05-01-2026,45,Male,Hyderabad,Desktop,Instagram,Festive Sale,Fashion,2.3,1,1,2,1998,40.95,UPI
CUST0122,06-01-2026,48,Male,Vijayawada,Tablet,Email,New Customer,Grocery,12.4,1,0,0,0,36.89,Not Applicable
CUST0483,06-01-2026,34,Other,Warangal,Desktop,Google,New Customer,Sports,14.6,1,0,0,0,63.7,Not Applicable
CUST0318,07-01-2026,27,Other,Warangal,Tablet,Direct,No Campaign,Beauty,13,0,0,0,0,0,Not Applicable
CUST0113,07-01-2026,18,Male,Karimnagar,Desktop,YouTube,Weekend Offer,Electronics,14.7,1,0,0,0,65.6,Not Applicable
CUST0345,07-01-2026,18,Other,Visakhapatnam,Mobile,Google,Festive Sale,Electronics,18,0,0,0,0,104.11,Not Applicable
CUST0137,08-01-2026,22,Female,Bengaluru,Desktop,Email,Flash Sale,Electronics,12.9,1,0,0,0,30,Not Applicable
CUST0026,08-01-2026,53,Male,Delhi,Mobile,Direct,No Campaign,Electronics,16.1,0,0,0,0,0,Not Applicable
CUST0481,08-01-2026,43,Other,Mumbai,Mobile,Facebook,Festive Sale,Books,9.1,0,0,0,0,41.12,Not Applicable
CUST0351,09-01-2026,55,Other,Nizamabad,Tablet,Google,Summer Sale,Beauty,13.2,0,0,0,0,129.19,Not Applicable
CUST0462,09-01-2026,35,Male,Chennai,Mobile,Instagram,Diwali Sale,Sports,19.8,0,0,0,0,44.22,Not Applicable
CUST0073,10-01-2026,52,Male,Delhi,Mobile,Email,Flash Sale,Electronics,2.3,0,0,0,0,19.56,Not Applicable
CUST0443,10-01-2026,40,Female,Warangal,Mobile,Instagram,No Campaign,Sports,1.8,1,0,0,0,76.66,Not Applicable
CUST0234,10-01-2026,28,Other,Visakhapatnam,Desktop,Direct,No Campaign,Books,3.3,0,0,0,0,0,Not Applicable
CUST0074,11-01-2026,41,Other,Nizamabad,Desktop,YouTube,Festive Sale,Electronics,6.7,0,0,0,0,129.41,Not Applicable
CUST0106,11-01-2026,35,Other,Chennai,Desktop,Instagram,Festive Sale,Beauty,12.5,0,0,0,0,52.59,Not Applicable
CUST0219,12-01-2026,47,Male,Warangal,Mobile,WhatsApp,Diwali Sale,Electronics,14.9,1,0,0,0,34.21,Not Applicable
CUST0192,14-01-2026,34,Other,Delhi,Desktop,Instagram,Weekend Offer,Beauty,16.8,0,0,0,0,73.59,Not Applicable
CUST0010,15-01-2026,28,Female,Bengaluru,Mobile,Email,Summer Sale,Sports,1.7,1,0,0,0,13.88,Not Applicable
CUST0385,16-01-2026,19,Other,Visakhapatnam,Desktop,YouTube,New Customer,Fashion,9.1,1,1,2,5498,36.73,Wallet
CUST0164,17-01-2026,37,Female,Visakhapatnam,Desktop,Direct,New Customer,Home & Kitchen,4.8,1,0,0,0,0,Not Applicable
CUST0215,18-01-2026,22,Other,Warangal,Tablet,Instagram,No Campaign,Beauty,19.4,1,1,2,9898,44.95,Cash on Delivery
CUST0423,18-01-2026,18,Female,Warangal,Tablet,YouTube,New Customer,Books,17.9,1,0,0,0,35.21,Not Applicable
CUST0447,18-01-2026,51,Female,Hyderabad,Mobile,YouTube,Weekend Offer,Electronics,13.6,1,1,3,2497,112.41,UPI
CUST0090,19-01-2026,43,Female,Karimnagar,Mobile,Direct,No Campaign,Electronics,15.1,0,0,0,0,0,Not Applicable
CUST0437,19-01-2026,51,Other,Delhi,Mobile,Facebook,Festive Sale,Fashion,18.6,0,0,0,0,68.47,Not Applicable
CUST0271,20-01-2026,19,Male,Vijayawada,Tablet,Instagram,No Campaign,Grocery,15,1,1,3,3797,32.82,Debit Card
CUST0170,20-01-2026,35,Female,Visakhapatnam,Desktop,WhatsApp,Diwali Sale,Fashion,11.6,1,0,0,0,26.6,Not Applicable
CUST0491,20-01-2026,51,Female,Chennai,Mobile,Google,Festive Sale,Grocery,11.9,1,0,0,0,128.48,Not Applicable
CUST0454,22-01-2026,43,Male,Visakhapatnam,Mobile,Email,Weekend Offer,Grocery,15.9,0,0,0,0,10.88,Not Applicable
CUST0352,22-01-2026,29,Other,Hyderabad,Mobile,Google,New Customer,Books,1.3,1,0,0,0,40.5,Not Applicable
CUST0256,23-01-2026,27,Male,Nizamabad,Desktop,WhatsApp,Diwali Sale,Books,11.7,1,0,0,0,31.14,Not Applicable
CUST0222,23-01-2026,19,Female,Delhi,Mobile,Instagram,No Campaign,Books,6.4,0,0,0,0,76.36,Not Applicable
CUST0066,23-01-2026,30,Female,Bengaluru,Mobile,WhatsApp,No Campaign,Beauty,8.1,0,0,0,0,24.44,Not Applicable
CUST0422,24-01-2026,52,Other,Delhi,Tablet,Google,New Customer,Electronics,19,1,0,0,0,36.43,Not Applicable
CUST0457,24-01-2026,51,Other,Karimnagar,Desktop,WhatsApp,Diwali Sale,Sports,4.2,1,1,1,1949,27.67,Cash on Delivery
CUST0498,24-01-2026,25,Male,Hyderabad,Desktop,WhatsApp,No Campaign,Books,19.1,1,0,0,0,20.64,Not Applicable
CUST0217,25-01-2026,19,Male,Nizamabad,Mobile,Email,No Campaign,Beauty,7.4,1,1,3,7197,16.15,Debit Card
CUST0484,25-01-2026,44,Female,Mumbai,Desktop,Google,New Customer,Home & Kitchen,4.5,1,0,0,0,33.03,Not Applicable
CUST0346,26-01-2026,53,Male,Visakhapatnam,Mobile,YouTube,Summer Sale,Home & Kitchen,4.7,1,1,1,399,119.17,UPI
CUST0157,27-01-2026,41,Male,Hyderabad,Desktop,WhatsApp,Summer Sale,Electronics,17.1,1,1,3,2797,31.64,Wallet
CUST0002,27-01-2026,24,Other,Delhi,Tablet,Direct,No Campaign,Sports,7.8,0,0,0,0,0,Not Applicable
CUST0061,27-01-2026,20,Other,Visakhapatnam,Mobile,Direct,New Customer,Home & Kitchen,18.3,0,0,0,0,0,Not Applicable
CUST0237,27-01-2026,20,Other,Delhi,Tablet,Email,Festive Sale,Sports,8.5,1,0,0,0,18.02,Not Applicable
CUST0260,28-01-2026,49,Male,Warangal,Mobile,Facebook,Diwali Sale,Grocery,3.6,1,0,0,0,67.51,Not Applicable
CUST0236,29-01-2026,38,Male,Chennai,Mobile,Facebook,Weekend Offer,Grocery,10.6,0,0,0,0,22.8,Not Applicable
CUST0380,30-01-2026,21,Female,Delhi,Mobile,Email,Festive Sale,Beauty,19,1,1,2,5898,30,Cash on Delivery
CUST0241,30-01-2026,41,Female,Visakhapatnam,Mobile,Google,Flash Sale,Electronics,2.3,0,0,0,0,122.83,Not Applicable
CUST0186,30-01-2026,48,Male,Vijayawada,Desktop,Email,Festive Sale,Fashion,2.6,1,1,1,1499,21.94,Debit Card
CUST0335,01-02-2026,34,Male,Delhi,Mobile,Facebook,Festive Sale,Books,16.1,1,1,2,748,46.03,Net Banking
CUST0136,01-02-2026,23,Male,Mumbai,Mobile,WhatsApp,Flash Sale,Books,12.8,0,0,0,0,8.03,Not Applicable
CUST0472,01-02-2026,37,Other,Visakhapatnam,Mobile,Instagram,Diwali Sale,Grocery,11.1,1,0,0,0,72.6,Not Applicable
CUST0226,01-02-2026,45,Other,Hyderabad,Mobile,Instagram,Summer Sale,Grocery,7.2,1,0,0,0,56.51,Not Applicable
CUST0306,02-02-2026,30,Other,Vijayawada,Desktop,Direct,Weekend Offer,Fashion,14.4,1,0,0,0,0,Not Applicable
CUST0023,03-02-2026,36,Male,Visakhapatnam,Tablet,YouTube,Festive Sale,Books,12,1,0,0,0,115.2,Not Applicable
CUST0194,04-02-2026,55,Female,Chennai,Desktop,Google,Summer Sale,Sports,18.9,1,0,0,0,105.26,Not Applicable
CUST0210,04-02-2026,42,Male,Mumbai,Tablet,Email,Festive Sale,Beauty,15.4,0,0,0,0,27.33,Not Applicable
CUST0048,04-02-2026,36,Other,Mumbai,Desktop,YouTube,New Customer,Grocery,10.3,1,1,2,5698,114.98,Wallet
CUST0495,06-02-2026,19,Other,Nizamabad,Mobile,WhatsApp,Flash Sale,Home & Kitchen,16.4,0,0,0,0,9.83,Not Applicable
CUST0143,06-02-2026,55,Male,Warangal,Desktop,Google,Summer Sale,Books,5.8,0,0,0,0,88.33,Not Applicable
CUST0272,06-02-2026,53,Female,Karimnagar,Desktop,Direct,Summer Sale,Electronics,15.8,1,0,0,0,0,Not Applicable
CUST0235,07-02-2026,54,Female,Nizamabad,Tablet,Facebook,Festive Sale,Grocery,5.8,1,0,0,0,61.4,Not Applicable
CUST0037,07-02-2026,38,Female,Mumbai,Tablet,Google,Summer Sale,Books,18.3,0,0,0,0,72.58,Not Applicable
CUST0163,07-02-2026,32,Other,Warangal,Desktop,Direct,Festive Sale,Home & Kitchen,17,1,1,3,5897,0,Credit Card
CUST0224,08-02-2026,47,Other,Nizamabad,Mobile,Instagram,Festive Sale,Grocery,3.5,1,0,0,0,60.09,Not Applicable
CUST0451,08-02-2026,39,Other,Vijayawada,Mobile,Direct,Festive Sale,Sports,16.1,1,0,0,0,0,Not Applicable
CUST0315,10-02-2026,25,Other,Chennai,Mobile,Facebook,Festive Sale,Books,3.3,1,1,2,2548,76.36,UPI
CUST0434,10-02-2026,26,Female,Karimnagar,Mobile,Instagram,Diwali Sale,Grocery,6.1,1,1,1,99,89.74,Cash on Delivery
CUST0114,11-02-2026,32,Other,Karimnagar,Desktop,Email,No Campaign,Home & Kitchen,6.9,1,0,0,0,28.51,Not Applicable
CUST0120,11-02-2026,46,Female,Warangal,Desktop,Direct,Flash Sale,Grocery,18.6,1,1,2,5498,0,Credit Card
CUST0387,11-02-2026,44,Male,Bengaluru,Mobile,YouTube,Flash Sale,Home & Kitchen,17,0,0,0,0,62.87,Not Applicable
CUST0069,11-02-2026,43,Other,Bengaluru,Desktop,WhatsApp,Summer Sale,Books,13,0,0,0,0,24.67,Not Applicable
CUST0028,13-02-2026,34,Male,Delhi,Mobile,Google,Weekend Offer,Grocery,19.8,1,1,1,999,101.53,Cash on Delivery
CUST0118,13-02-2026,19,Female,Bengaluru,Desktop,Instagram,Weekend Offer,Home & Kitchen,5.7,1,1,2,598,72.53,Cash on Delivery
CUST0107,13-02-2026,21,Other,Mumbai,Mobile,Direct,Weekend Offer,Grocery,6.6,1,1,2,15998,0,Debit Card
CUST0249,13-02-2026,22,Female,Hyderabad,Mobile,Instagram,No Campaign,Home & Kitchen,17.9,1,0,0,0,77.65,Not Applicable
CUST0162,14-02-2026,49,Female,Karimnagar,Mobile,Instagram,New Customer,Beauty,2.6,0,0,0,0,21.33,Not Applicable
CUST0492,14-02-2026,49,Female,Bengaluru,Desktop,Facebook,Summer Sale,Beauty,8.8,0,0,0,0,51.92,Not Applicable
CUST0245,15-02-2026,46,Female,Nizamabad,Desktop,Facebook,No Campaign,Sports,1.1,0,0,0,0,68.64,Not Applicable
CUST0354,15-02-2026,50,Female,Vijayawada,Desktop,Google,Diwali Sale,Beauty,2.2,1,0,0,0,120.45,Not Applicable
CUST0213,16-02-2026,34,Female,Delhi,Desktop,Google,Summer Sale,Home & Kitchen,8.2,1,0,0,0,43.55,Not Applicable
CUST0358,16-02-2026,33,Male,Bengaluru,Desktop,Google,No Campaign,Grocery,14,0,0,0,0,120.79,Not Applicable
CUST0303,17-02-2026,49,Other,Nizamabad,Mobile,Email,Flash Sale,Fashion,10.1,0,0,0,0,28.6,Not Applicable
CUST0359,17-02-2026,30,Other,Vijayawada,Mobile,Instagram,Summer Sale,Home & Kitchen,7,0,0,0,0,90.39,Not Applicable
CUST0362,17-02-2026,29,Male,Visakhapatnam,Desktop,Google,New Customer,Fashion,14.9,1,0,0,0,28.41,Not Applicable
CUST0477,18-02-2026,23,Male,Bengaluru,Desktop,YouTube,New Customer,Grocery,18.8,1,0,0,0,116.81,Not Applicable
CUST0428,20-02-2026,38,Other,Warangal,Desktop,Facebook,No Campaign,Grocery,18.2,1,0,0,0,90.9,Not Applicable
CUST0156,21-02-2026,46,Other,Warangal,Desktop,Instagram,Diwali Sale,Home & Kitchen,4.4,1,0,0,0,33.03,Not Applicable
CUST0254,21-02-2026,35,Other,Vijayawada,Desktop,Google,Diwali Sale,Sports,18.9,0,0,0,0,92.84,Not Applicable
CUST0278,22-02-2026,38,Male,Visakhapatnam,Desktop,Google,Diwali Sale,Fashion,10.6,0,0,0,0,100.9,Not Applicable
CUST0077,22-02-2026,47,Female,Vijayawada,Mobile,Email,No Campaign,Electronics,13.2,1,0,0,0,20.19,Not Applicable
CUST0030,23-02-2026,54,Other,Warangal,Desktop,WhatsApp,Festive Sale,Books,5.9,1,1,1,2699,14.43,Debit Card
CUST0294,23-02-2026,34,Female,Karimnagar,Mobile,Direct,No Campaign,Home & Kitchen,18.6,0,0,0,0,0,Not Applicable
CUST0417,23-02-2026,41,Other,Mumbai,Mobile,Google,Flash Sale,Beauty,14.2,1,1,3,797,105.97,Credit Card
CUST0053,24-02-2026,33,Male,Mumbai,Mobile,Email,Diwali Sale,Electronics,15.4,1,0,0,0,10.12,Not Applicable
CUST0111,24-02-2026,23,Other,Karimnagar,Mobile,Email,Diwali Sale,Electronics,18,0,0,0,0,18.08,Not Applicable
CUST0412,24-02-2026,38,Female,Bengaluru,Mobile,Facebook,Summer Sale,Home & Kitchen,9,1,0,0,0,36.84,Not Applicable
CUST0044,24-02-2026,41,Other,Bengaluru,Mobile,WhatsApp,New Customer,Fashion,7,1,1,1,7999,10,UPI
CUST0198,26-02-2026,43,Male,Mumbai,Desktop,Direct,Weekend Offer,Grocery,18.7,1,1,1,1799,0,Credit Card
CUST0392,26-02-2026,32,Other,Warangal,Mobile,WhatsApp,Summer Sale,Fashion,7.6,0,0,0,0,14.83,Not Applicable
CUST0316,26-02-2026,25,Female,Vijayawada,Mobile,Instagram,Festive Sale,Electronics,9.7,0,0,0,0,60.57,Not Applicable
CUST0459,27-02-2026,27,Other,Chennai,Mobile,Google,Diwali Sale,Books,4.9,0,0,0,0,88.54,Not Applicable
CUST0414,27-02-2026,51,Male,Vijayawada,Mobile,Instagram,Weekend Offer,Sports,8,1,0,0,0,85.21,Not Applicable
CUST0104,01-03-2026,39,Other,Nizamabad,Mobile,WhatsApp,Diwali Sale,Electronics,6.8,1,0,0,0,27.57,Not Applicable
CUST0262,01-03-2026,29,Other,Karimnagar,Tablet,Instagram,Summer Sale,Books,3.8,0,0,0,0,53.12,Not Applicable
CUST0036,02-03-2026,37,Other,Vijayawada,Mobile,YouTube,Flash Sale,Beauty,4.1,0,0,0,0,35.23,Not Applicable
CUST0430,02-03-2026,24,Other,Nizamabad,Mobile,YouTube,Weekend Offer,Home & Kitchen,4.5,1,1,2,4898,100.66,UPI
CUST0456,02-03-2026,43,Other,Bengaluru,Tablet,WhatsApp,New Customer,Home & Kitchen,6.3,0,0,0,0,15.82,Not Applicable
CUST0209,02-03-2026,23,Male,Visakhapatnam,Mobile,Instagram,Summer Sale,Books,8.2,0,0,0,0,23.25,Not Applicable
CUST0296,03-03-2026,35,Male,Vijayawada,Mobile,Email,Summer Sale,Home & Kitchen,8.9,1,1,2,5898,32.76,UPI
CUST0259,04-03-2026,54,Other,Warangal,Desktop,Google,Diwali Sale,Grocery,10.8,1,0,0,0,36.86,Not Applicable
CUST0087,06-03-2026,46,Male,Visakhapatnam,Mobile,Direct,New Customer,Fashion,2.4,0,0,0,0,0,Not Applicable
CUST0191,06-03-2026,24,Male,Chennai,Desktop,Facebook,Flash Sale,Sports,1.2,1,1,1,999,30.03,Wallet
CUST0201,07-03-2026,32,Male,Visakhapatnam,Desktop,Direct,New Customer,Electronics,18.7,1,1,2,4498,0,Credit Card
CUST0441,08-03-2026,22,Female,Vijayawada,Desktop,Instagram,New Customer,Grocery,11.3,0,0,0,0,90.82,Not Applicable
CUST0266,08-03-2026,47,Female,Visakhapatnam,Desktop,Google,Diwali Sale,Beauty,19.8,0,0,0,0,111.14,Not Applicable
CUST0322,08-03-2026,52,Female,Warangal,Mobile,Facebook,Diwali Sale,Books,19.8,1,1,1,899,66.21,UPI
CUST0393,09-03-2026,52,Male,Bengaluru,Mobile,WhatsApp,Weekend Offer,Books,5.8,1,0,0,0,10.13,Not Applicable
CUST0095,09-03-2026,18,Male,Visakhapatnam,Desktop,Google,Weekend Offer,Fashion,12.6,1,1,2,15848,116.89,Debit Card
CUST0149,10-03-2026,32,Other,Mumbai,Mobile,WhatsApp,No Campaign,Fashion,12.3,1,0,0,0,12.57,Not Applicable
CUST0494,10-03-2026,51,Male,Visakhapatnam,Desktop,Instagram,New Customer,Grocery,17.6,0,0,0,0,89.2,Not Applicable
CUST0319,11-03-2026,29,Other,Warangal,Desktop,YouTube,Diwali Sale,Electronics,2.4,0,0,0,0,70.73,Not Applicable
CUST0100,11-03-2026,42,Other,Mumbai,Mobile,Direct,Flash Sale,Books,7.4,0,0,0,0,0,Not Applicable
CUST0307,11-03-2026,27,Male,Warangal,Mobile,WhatsApp,No Campaign,Books,4.2,1,0,0,0,9.25,Not Applicable
CUST0424,11-03-2026,47,Other,Bengaluru,Desktop,Facebook,New Customer,Home & Kitchen,7,0,0,0,0,71.45,Not Applicable
CUST0070,11-03-2026,40,Other,Warangal,Mobile,YouTube,Flash Sale,Electronics,2.6,0,0,0,0,142.97,Not Applicable
CUST0020,11-03-2026,24,Other,Bengaluru,Mobile,Instagram,Weekend Offer,Electronics,10.2,0,0,0,0,94.54,Not Applicable
CUST0055,11-03-2026,31,Male,Chennai,Mobile,Email,Summer Sale,Grocery,8.4,0,0,0,0,11.81,Not Applicable
CUST0094,12-03-2026,51,Male,Nizamabad,Tablet,Facebook,Festive Sale,Books,18.9,0,0,0,0,90.06,Not Applicable
CUST0208,13-03-2026,27,Other,Delhi,Desktop,Google,Diwali Sale,Beauty,7.5,1,1,1,1999,125.87,Debit Card
CUST0232,13-03-2026,21,Male,Hyderabad,Mobile,Instagram,No Campaign,Sports,4.5,1,0,0,0,39.84,Not Applicable
CUST0391,13-03-2026,45,Female,Mumbai,Desktop,Google,Weekend Offer,Home & Kitchen,4.6,0,0,0,0,121.91,Not Applicable
CUST0105,14-03-2026,54,Female,Vijayawada,Desktop,WhatsApp,Festive Sale,Fashion,8.5,1,0,0,0,30.94,Not Applicable
CUST0098,14-03-2026,22,Other,Chennai,Mobile,YouTube,Weekend Offer,Grocery,4.3,1,1,1,2749,118.67,Cash on Delivery
CUST0446,14-03-2026,21,Female,Vijayawada,Mobile,Facebook,Summer Sale,Grocery,11.6,1,0,0,0,78.82,Not Applicable
CUST0340,14-03-2026,29,Other,Karimnagar,Mobile,Direct,Diwali Sale,Fashion,18.3,1,0,0,0,0,Not Applicable
CUST0229,15-03-2026,25,Male,Karimnagar,Mobile,Google,Weekend Offer,Grocery,3,1,1,1,7699,85.6,UPI
CUST0473,15-03-2026,32,Other,Hyderabad,Desktop,YouTube,Summer Sale,Sports,12,1,0,0,0,107.83,Not Applicable
CUST0128,15-03-2026,45,Female,Hyderabad,Mobile,YouTube,Weekend Offer,Home & Kitchen,11.2,1,0,0,0,111,Not Applicable
CUST0480,15-03-2026,19,Other,Karimnagar,Desktop,Facebook,No Campaign,Home & Kitchen,14.8,1,0,0,0,58.67,Not Applicable
CUST0183,15-03-2026,23,Male,Nizamabad,Mobile,Instagram,Weekend Offer,Sports,7.6,0,0,0,0,53.37,Not Applicable
CUST0395,16-03-2026,28,Female,Mumbai,Desktop,Email,No Campaign,Sports,18.2,0,0,0,0,23.72,Not Applicable
CUST0311,16-03-2026,22,Male,Hyderabad,Mobile,Google,New Customer,Electronics,13.5,1,0,0,0,130.04,Not Applicable
CUST0067,17-03-2026,48,Female,Warangal,Mobile,YouTube,Summer Sale,Fashion,15.5,1,1,1,199,31.89,Wallet
CUST0146,17-03-2026,22,Female,Chennai,Mobile,Email,Summer Sale,Fashion,2.7,1,0,0,0,13.66,Not Applicable
CUST0173,18-03-2026,22,Female,Delhi,Mobile,YouTube,Diwali Sale,Beauty,1.2,0,0,0,0,72.45,Not Applicable
CUST0377,18-03-2026,42,Other,Bengaluru,Desktop,YouTube,No Campaign,Electronics,14,1,0,0,0,125.83,Not Applicable
CUST0474,19-03-2026,38,Male,Vijayawada,Mobile,Instagram,No Campaign,Home & Kitchen,16.8,0,0,0,0,44.06,Not Applicable
CUST0167,19-03-2026,41,Other,Delhi,Mobile,Facebook,Diwali Sale,Grocery,6.9,0,0,0,0,52.26,Not Applicable
CUST0400,19-03-2026,21,Other,Bengaluru,Mobile,YouTube,Weekend Offer,Sports,4.1,0,0,0,0,75.24,Not Applicable
CUST0086,19-03-2026,46,Other,Mumbai,Mobile,YouTube,No Campaign,Grocery,14.2,0,0,0,0,64.38,Not Applicable
CUST0281,20-03-2026,38,Other,Mumbai,Mobile,Direct,Flash Sale,Sports,2.2,0,0,0,0,0,Not Applicable
CUST0250,20-03-2026,22,Male,Hyderabad,Mobile,Google,Weekend Offer,Electronics,5.9,1,1,1,1199,132.87,Net Banking
CUST0478,20-03-2026,54,Female,Warangal,Mobile,WhatsApp,Flash Sale,Books,18.8,1,1,1,1274,9.53,Net Banking
CUST0088,21-03-2026,49,Male,Vijayawada,Desktop,YouTube,Summer Sale,Home & Kitchen,6.4,1,1,2,2098,92.72,Cash on Delivery
CUST0016,21-03-2026,33,Female,Karimnagar,Desktop,Google,Weekend Offer,Grocery,4.1,1,0,0,0,70.42,Not Applicable
CUST0144,21-03-2026,27,Male,Nizamabad,Desktop,WhatsApp,Weekend Offer,Home & Kitchen,3.1,0,0,0,0,15.21,Not Applicable
CUST0052,21-03-2026,21,Male,Chennai,Mobile,Google,Festive Sale,Fashion,8.8,0,0,0,0,123.42,Not Applicable
CUST0453,22-03-2026,20,Female,Nizamabad,Mobile,Instagram,Festive Sale,Electronics,14.8,1,1,2,998,51.39,Debit Card
CUST0214,23-03-2026,23,Male,Hyderabad,Mobile,WhatsApp,Flash Sale,Grocery,14.8,1,0,0,0,17.94,Not Applicable
CUST0200,23-03-2026,28,Other,Karimnagar,Desktop,YouTube,No Campaign,Sports,3,1,0,0,0,89.01,Not Applicable
CUST0187,23-03-2026,19,Other,Karimnagar,Mobile,Email,Festive Sale,Home & Kitchen,17.7,1,0,0,0,15.17,Not Applicable
CUST0165,23-03-2026,48,Male,Delhi,Desktop,Facebook,No Campaign,Sports,16.9,1,1,2,598,102.57,Credit Card
CUST0394,23-03-2026,36,Male,Mumbai,Desktop,WhatsApp,Summer Sale,Fashion,3.3,1,1,1,2299,11.39,Wallet
CUST0054,24-03-2026,45,Female,Visakhapatnam,Mobile,YouTube,New Customer,Books,3.5,1,0,0,0,119.78,Not Applicable
CUST0488,24-03-2026,43,Female,Delhi,Mobile,Facebook,No Campaign,Beauty,1.3,0,0,0,0,37.46,Not Applicable
CUST0324,24-03-2026,18,Male,Mumbai,Desktop,Google,No Campaign,Home & Kitchen,19.6,1,0,0,0,87.26,Not Applicable
CUST0268,25-03-2026,25,Female,Bengaluru,Mobile,Instagram,New Customer,Books,14.7,0,0,0,0,23.07,Not Applicable
CUST0009,25-03-2026,28,Other,Nizamabad,Desktop,YouTube,Diwali Sale,Electronics,6,0,0,0,0,139.48,Not Applicable
CUST0348,25-03-2026,54,Other,Vijayawada,Mobile,Google,New Customer,Grocery,19.3,1,1,1,1299,27.7,UPI
CUST0433,25-03-2026,31,Other,Bengaluru,Desktop,Direct,Festive Sale,Electronics,9,0,0,0,0,0,Not Applicable
CUST0019,26-03-2026,31,Male,Hyderabad,Mobile,Facebook,Weekend Offer,Electronics,18.9,1,0,0,0,20.87,Not Applicable
CUST0413,26-03-2026,18,Other,Nizamabad,Mobile,Direct,Festive Sale,Sports,13.1,0,0,0,0,0,Not Applicable
CUST0212,26-03-2026,29,Female,Karimnagar,Mobile,WhatsApp,New Customer,Beauty,15.9,0,0,0,0,23.92,Not Applicable
CUST0042,26-03-2026,43,Female,Warangal,Mobile,Google,Festive Sale,Beauty,15.3,0,0,0,0,137,Not Applicable
CUST0444,27-03-2026,43,Female,Mumbai,Mobile,WhatsApp,Flash Sale,Fashion,13.3,1,0,0,0,11.22,Not Applicable
CUST0323,28-03-2026,53,Female,Nizamabad,Mobile,YouTube,Weekend Offer,Sports,18.8,1,0,0,0,81.32,Not Applicable
CUST0246,28-03-2026,19,Male,Karimnagar,Mobile,WhatsApp,Weekend Offer,Sports,10.1,1,0,0,0,28.02,Not Applicable
CUST0040,29-03-2026,41,Other,Warangal,Mobile,WhatsApp,No Campaign,Fashion,1.1,1,1,2,1498,25.22,UPI
CUST0038,30-03-2026,49,Other,Nizamabad,Mobile,Facebook,Diwali Sale,Sports,11.3,1,0,0,0,53.19,Not Applicable
CUST0455,30-03-2026,48,Other,Chennai,Mobile,Facebook,Weekend Offer,Home & Kitchen,15.6,1,1,2,9748,29.51,Debit Card
CUST0185,30-03-2026,26,Female,Nizamabad,Tablet,Facebook,Summer Sale,Home & Kitchen,19.7,1,0,0,0,49.49,Not Applicable
CUST0089,30-03-2026,33,Female,Nizamabad,Mobile,Instagram,Summer Sale,Home & Kitchen,12.9,1,1,3,4447,41.45,Debit Card
CUST0017,30-03-2026,48,Other,Hyderabad,Desktop,Google,Weekend Offer,Books,10.7,1,1,2,9748,31.37,Wallet
CUST0166,31-03-2026,37,Female,Warangal,Mobile,Direct,No Campaign,Electronics,6.7,1,1,2,348,0,Net Banking
CUST0435,31-03-2026,45,Male,Hyderabad,Desktop,YouTube,Festive Sale,Sports,12.9,1,1,3,3397,60.71,Cash on Delivery
CUST0220,31-03-2026,49,Other,Delhi,Desktop,Instagram,Festive Sale,Grocery,19,0,0,0,0,92.39,Not Applicable
CUST0372,31-03-2026,23,Other,Nizamabad,Mobile,YouTube,Festive Sale,Electronics,14.1,0,0,0,0,35.44,Not Applicable
CUST0024,01-04-2026,19,Male,Bengaluru,Mobile,Google,Flash Sale,Grocery,12.6,0,0,0,0,108.45,Not Applicable
CUST0108,01-04-2026,20,Other,Karimnagar,Mobile,Google,New Customer,Electronics,14.3,1,1,1,4949,47.86,Debit Card
CUST0006,01-04-2026,50,Male,Vijayawada,Mobile,Direct,Weekend Offer,Books,8.9,1,0,0,0,0,Not Applicable
CUST0317,02-04-2026,23,Other,Chennai,Mobile,WhatsApp,Flash Sale,Electronics,2.7,1,0,0,0,21.37,Not Applicable
CUST0197,02-04-2026,35,Male,Karimnagar,Desktop,Email,No Campaign,Sports,6.2,0,0,0,0,30.62,Not Applicable
CUST0333,02-04-2026,51,Other,Warangal,Mobile,YouTube,Summer Sale,Electronics,12,0,0,0,0,123.19,Not Applicable
CUST0408,04-04-2026,26,Other,Nizamabad,Mobile,Email,New Customer,Sports,19.3,0,0,0,0,14.24,Not Applicable
CUST0099,04-04-2026,44,Other,Vijayawada,Desktop,Direct,Diwali Sale,Sports,7,1,0,0,0,0,Not Applicable
CUST0060,04-04-2026,46,Male,Mumbai,Desktop,Instagram,No Campaign,Books,16.1,1,0,0,0,99.07,Not Applicable
CUST0406,04-04-2026,43,Female,Hyderabad,Mobile,Instagram,Festive Sale,Sports,5.4,1,1,3,7247,33.02,Net Banking
CUST0475,04-04-2026,18,Female,Visakhapatnam,Mobile,Email,Weekend Offer,Sports,1.9,0,0,0,0,34.42,Not Applicable
CUST0379,05-04-2026,40,Female,Hyderabad,Mobile,Direct,Flash Sale,Fashion,19.5,1,0,0,0,0,Not Applicable
CUST0008,05-04-2026,26,Female,Warangal,Desktop,Google,Festive Sale,Books,19.5,1,0,0,0,42.81,Not Applicable
CUST0189,05-04-2026,40,Other,Karimnagar,Mobile,WhatsApp,Summer Sale,Home & Kitchen,7.5,1,0,0,0,26.26,Not Applicable
CUST0330,06-04-2026,39,Other,Chennai,Mobile,Email,Flash Sale,Sports,8.8,0,0,0,0,31.5,Not Applicable
CUST0275,07-04-2026,53,Female,Chennai,Tablet,WhatsApp,Summer Sale,Beauty,16.8,1,0,0,0,27.76,Not Applicable
CUST0356,08-04-2026,30,Male,Mumbai,Mobile,Google,Flash Sale,Grocery,19.5,1,1,2,948,101.19,Net Banking
CUST0184,08-04-2026,44,Other,Chennai,Mobile,YouTube,New Customer,Books,5.8,0,0,0,0,106.63,Not Applicable
CUST0133,08-04-2026,31,Male,Nizamabad,Mobile,Email,No Campaign,Electronics,19.9,1,0,0,0,37.7,Not Applicable
CUST0283,09-04-2026,26,Male,Hyderabad,Mobile,Email,New Customer,Electronics,9.7,0,0,0,0,35.68,Not Applicable
CUST0476,09-04-2026,18,Male,Warangal,Desktop,WhatsApp,Weekend Offer,Electronics,3.3,1,0,0,0,32.02,Not Applicable
CUST0199,10-04-2026,49,Female,Nizamabad,Desktop,Email,Summer Sale,Sports,7.9,0,0,0,0,6.83,Not Applicable
CUST0068,10-04-2026,44,Other,Visakhapatnam,Desktop,Email,Flash Sale,Books,6,0,0,0,0,7.05,Not Applicable
CUST0366,11-04-2026,25,Other,Karimnagar,Mobile,WhatsApp,New Customer,Books,12,1,1,3,14797,14.19,Cash on Delivery
CUST0407,11-04-2026,52,Male,Warangal,Desktop,Direct,Diwali Sale,Books,1.5,1,0,0,0,0,Not Applicable
CUST0130,12-04-2026,46,Male,Hyderabad,Desktop,Direct,Summer Sale,Grocery,3.5,1,0,0,0,0,Not Applicable
CUST0233,12-04-2026,49,Male,Visakhapatnam,Mobile,YouTube,Diwali Sale,Fashion,12.7,0,0,0,0,103.92,Not Applicable
CUST0147,13-04-2026,28,Female,Hyderabad,Mobile,Google,No Campaign,Beauty,4.4,0,0,0,0,105.07,Not Applicable
CUST0051,14-04-2026,36,Female,Bengaluru,Desktop,Facebook,No Campaign,Sports,6.8,0,0,0,0,62.45,Not Applicable
CUST0027,15-04-2026,52,Female,Chennai,Mobile,Direct,No Campaign,Books,10.8,1,1,2,1998,0,Net Banking
CUST0004,15-04-2026,42,Other,Chennai,Desktop,Direct,Diwali Sale,Home & Kitchen,1.4,0,0,0,0,0,Not Applicable
CUST0273,17-04-2026,40,Male,Nizamabad,Mobile,Google,Diwali Sale,Beauty,15.1,1,1,1,1099,90.85,Debit Card
CUST0314,18-04-2026,49,Other,Warangal,Tablet,YouTube,Flash Sale,Beauty,18.2,0,0,0,0,75.76,Not Applicable
CUST0018,18-04-2026,45,Female,Visakhapatnam,Mobile,Direct,Weekend Offer,Electronics,17.5,1,0,0,0,0,Not Applicable
CUST0360,18-04-2026,55,Male,Delhi,Mobile,Google,Flash Sale,Grocery,9.9,1,0,0,0,36.89,Not Applicable
CUST0485,18-04-2026,35,Female,Vijayawada,Desktop,WhatsApp,Diwali Sale,Home & Kitchen,2.3,1,0,0,0,25.05,Not Applicable
CUST0238,18-04-2026,54,Other,Hyderabad,Desktop,WhatsApp,Diwali Sale,Grocery,13.3,1,0,0,0,9.82,Not Applicable
CUST0001,19-04-2026,24,Other,Warangal,Mobile,YouTube,No Campaign,Home & Kitchen,11.9,0,0,0,0,66.71,Not Applicable
CUST0021,19-04-2026,21,Other,Visakhapatnam,Mobile,YouTube,No Campaign,Home & Kitchen,14.7,1,0,0,0,31.9,Not Applicable
CUST0211,20-04-2026,44,Male,Mumbai,Mobile,Direct,Summer Sale,Grocery,18.6,0,0,0,0,0,Not Applicable
CUST0327,20-04-2026,19,Male,Nizamabad,Mobile,Email,No Campaign,Sports,1.2,1,0,0,0,34.01,Not Applicable
CUST0177,21-04-2026,31,Male,Nizamabad,Mobile,Email,No Campaign,Electronics,14.9,0,0,0,0,10.15,Not Applicable
CUST0145,22-04-2026,18,Female,Hyderabad,Mobile,Facebook,Flash Sale,Fashion,14.2,0,0,0,0,80.37,Not Applicable
CUST0416,22-04-2026,42,Male,Warangal,Tablet,Google,Festive Sale,Fashion,16.7,0,0,0,0,119.46,Not Applicable
CUST0171,22-04-2026,24,Female,Mumbai,Mobile,Google,Summer Sale,Electronics,12.2,1,0,0,0,90.41,Not Applicable
CUST0046,24-04-2026,28,Female,Mumbai,Desktop,Google,New Customer,Grocery,17.7,1,0,0,0,90.45,Not Applicable
CUST0285,24-04-2026,29,Other,Karimnagar,Desktop,WhatsApp,Flash Sale,Sports,13.1,0,0,0,0,19.86,Not Applicable
CUST0148,25-04-2026,34,Female,Delhi,Mobile,Email,Summer Sale,Beauty,7.1,1,0,0,0,15.87,Not Applicable
CUST0206,25-04-2026,40,Female,Visakhapatnam,Desktop,Instagram,Festive Sale,Sports,19.6,1,1,2,2748,43.19,Wallet
CUST0169,25-04-2026,47,Male,Mumbai,Mobile,Facebook,Diwali Sale,Books,15.2,0,0,0,0,22.75,Not Applicable
CUST0031,26-04-2026,32,Male,Hyderabad,Desktop,Email,Weekend Offer,Home & Kitchen,3.1,0,0,0,0,34.32,Not Applicable
CUST0304,26-04-2026,29,Male,Hyderabad,Mobile,Google,Diwali Sale,Fashion,15.3,0,0,0,0,68.03,Not Applicable
CUST0302,26-04-2026,51,Female,Karimnagar,Mobile,YouTube,Summer Sale,Home & Kitchen,2.7,1,1,1,2699,51.78,Cash on Delivery
CUST0011,26-04-2026,41,Other,Hyderabad,Desktop,Google,Summer Sale,Beauty,6.7,1,0,0,0,52.18,Not Applicable
CUST0389,26-04-2026,50,Male,Delhi,Mobile,Instagram,No Campaign,Sports,5.1,0,0,0,0,33.21,Not Applicable
CUST0418,27-04-2026,32,Male,Delhi,Mobile,Facebook,Summer Sale,Sports,6,0,0,0,0,32.3,Not Applicable
CUST0203,27-04-2026,54,Other,Hyderabad,Mobile,YouTube,New Customer,Electronics,8.6,1,1,1,899,31.5,Cash on Delivery
CUST0338,30-04-2026,24,Male,Bengaluru,Desktop,Direct,New Customer,Home & Kitchen,14.2,0,0,0,0,0,Not Applicable
CUST0405,01-05-2026,47,Other,Warangal,Desktop,Facebook,Diwali Sale,Fashion,18.2,1,0,0,0,63.08,Not Applicable
CUST0138,01-05-2026,31,Male,Warangal,Mobile,WhatsApp,Festive Sale,Grocery,15.3,1,1,3,397,10.83,Wallet
CUST0397,01-05-2026,27,Male,Bengaluru,Mobile,Email,New Customer,Books,3.3,1,1,1,1299,6.15,Debit Card
CUST0174,01-05-2026,24,Other,Chennai,Mobile,Facebook,Summer Sale,Home & Kitchen,4.1,1,0,0,0,73.97,Not Applicable
CUST0207,02-05-2026,41,Female,Vijayawada,Mobile,YouTube,Diwali Sale,Grocery,18.7,1,0,0,0,146.7,Not Applicable
CUST0116,02-05-2026,44,Female,Chennai,Mobile,Facebook,Flash Sale,Books,15.2,0,0,0,0,59.51,Not Applicable
CUST0426,02-05-2026,45,Male,Nizamabad,Mobile,WhatsApp,Flash Sale,Beauty,14.5,1,1,2,1998,32.53,Cash on Delivery
CUST0438,03-05-2026,41,Female,Bengaluru,Desktop,WhatsApp,No Campaign,Electronics,5.1,1,0,0,0,30.03,Not Applicable
CUST0301,04-05-2026,26,Other,Chennai,Tablet,Google,No Campaign,Electronics,3.6,1,0,0,0,71.64,Not Applicable
CUST0155,04-05-2026,26,Male,Warangal,Desktop,Direct,No Campaign,Electronics,9.3,0,0,0,0,0,Not Applicable
CUST0411,04-05-2026,55,Male,Mumbai,Tablet,Email,No Campaign,Books,9.9,1,0,0,0,22.77,Not Applicable
CUST0467,04-05-2026,47,Male,Delhi,Desktop,Email,New Customer,Home & Kitchen,12,1,1,3,23947,8.37,Wallet
CUST0328,05-05-2026,52,Other,Delhi,Mobile,Email,Flash Sale,Sports,3.3,0,0,0,0,37.69,Not Applicable
CUST0479,05-05-2026,26,Male,Karimnagar,Desktop,Email,New Customer,Beauty,8.6,1,0,0,0,26.91,Not Applicable
CUST0293,05-05-2026,18,Male,Hyderabad,Desktop,Instagram,Weekend Offer,Sports,10.7,1,0,0,0,69.58,Not Applicable
CUST0062,06-05-2026,46,Female,Karimnagar,Mobile,Facebook,New Customer,Home & Kitchen,15.9,0,0,0,0,71.55,Not Applicable
CUST0205,06-05-2026,52,Other,Hyderabad,Mobile,Instagram,Diwali Sale,Beauty,13.4,1,0,0,0,57.02,Not Applicable
CUST0188,06-05-2026,19,Other,Warangal,Mobile,Facebook,Diwali Sale,Sports,16,0,0,0,0,105.17,Not Applicable
CUST0216,07-05-2026,45,Female,Visakhapatnam,Desktop,Facebook,Flash Sale,Fashion,12.4,1,0,0,0,94.84,Not Applicable
CUST0029,08-05-2026,23,Female,Nizamabad,Desktop,Direct,No Campaign,Fashion,16.9,1,1,3,997,0,Debit Card
CUST0142,08-05-2026,35,Female,Vijayawada,Tablet,WhatsApp,Weekend Offer,Electronics,16.1,1,1,3,647,13.64,Wallet
CUST0180,09-05-2026,26,Other,Warangal,Mobile,WhatsApp,New Customer,Fashion,3.2,1,1,2,1198,25.39,Debit Card
CUST0355,10-05-2026,31,Female,Delhi,Mobile,Facebook,New Customer,Home & Kitchen,12.1,1,0,0,0,109.27,Not Applicable
CUST0378,10-05-2026,26,Male,Vijayawada,Mobile,Google,Weekend Offer,Beauty,6.5,1,1,1,1849,27.15,Debit Card
CUST0321,10-05-2026,41,Male,Mumbai,Mobile,Google,New Customer,Fashion,15.2,1,0,0,0,92.38,Not Applicable
CUST0047,11-05-2026,49,Other,Bengaluru,Mobile,YouTube,Flash Sale,Grocery,7.1,0,0,0,0,48.19,Not Applicable
CUST0364,13-05-2026,33,Male,Karimnagar,Mobile,YouTube,Flash Sale,Beauty,14.2,1,0,0,0,68.04,Not Applicable
CUST0059,15-05-2026,53,Female,Delhi,Mobile,Direct,Diwali Sale,Electronics,6.7,0,0,0,0,0,Not Applicable
CUST0032,15-05-2026,50,Other,Bengaluru,Desktop,WhatsApp,Weekend Offer,Fashion,3.8,0,0,0,0,24.8,Not Applicable
CUST0401,15-05-2026,25,Male,Hyderabad,Desktop,Email,Flash Sale,Beauty,3.6,1,1,2,998,22.15,Wallet
CUST0193,15-05-2026,28,Other,Hyderabad,Tablet,Direct,Summer Sale,Books,15.9,1,0,0,0,0,Not Applicable
CUST0123,15-05-2026,34,Other,Nizamabad,Desktop,Google,Weekend Offer,Books,7.8,1,0,0,0,51.71,Not Applicable
CUST0181,15-05-2026,35,Female,Delhi,Mobile,Direct,No Campaign,Electronics,1.6,1,0,0,0,0,Not Applicable
CUST0150,16-05-2026,39,Male,Delhi,Mobile,WhatsApp,No Campaign,Books,17.2,0,0,0,0,33.78,Not Applicable
CUST0092,17-05-2026,21,Other,Warangal,Mobile,YouTube,Weekend Offer,Home & Kitchen,3.3,1,1,1,2349,144.94,Credit Card
CUST0081,17-05-2026,55,Female,Mumbai,Mobile,Instagram,New Customer,Grocery,2,1,0,0,0,41.1,Not Applicable
CUST0320,18-05-2026,52,Other,Vijayawada,Desktop,YouTube,Summer Sale,Grocery,3.5,1,0,0,0,60.36,Not Applicable
CUST0102,18-05-2026,22,Other,Karimnagar,Mobile,Direct,Festive Sale,Books,18.2,0,0,0,0,0,Not Applicable
CUST0369,19-05-2026,44,Female,Hyderabad,Tablet,Direct,Flash Sale,Grocery,4.3,0,0,0,0,0,Not Applicable
CUST0337,19-05-2026,53,Other,Karimnagar,Mobile,Google,New Customer,Home & Kitchen,3.4,1,0,0,0,41.1,Not Applicable
CUST0465,20-05-2026,52,Male,Vijayawada,Mobile,Instagram,Summer Sale,Beauty,16.3,1,1,2,1898,99.35,Wallet
CUST0466,22-05-2026,54,Male,Vijayawada,Desktop,Facebook,Diwali Sale,Grocery,9.2,1,1,1,1349,75.1,Cash on Delivery
CUST0083,24-05-2026,33,Male,Bengaluru,Desktop,Google,Festive Sale,Electronics,1.2,1,0,0,0,102.13,Not Applicable
CUST0013,24-05-2026,20,Male,Chennai,Tablet,Direct,No Campaign,Beauty,2.1,0,0,0,0,0,Not Applicable
CUST0440,25-05-2026,55,Male,Hyderabad,Mobile,WhatsApp,New Customer,Grocery,16.1,1,1,2,15798,21.87,Wallet
CUST0277,25-05-2026,36,Male,Nizamabad,Desktop,Email,Summer Sale,Electronics,12.5,0,0,0,0,13.8,Not Applicable
CUST0178,28-05-2026,43,Female,Chennai,Mobile,Google,Diwali Sale,Beauty,1.3,1,1,1,49,57.24,Debit Card
CUST0124,28-05-2026,50,Female,Nizamabad,Desktop,WhatsApp,New Customer,Books,9.9,1,0,0,0,12.2,Not Applicable
CUST0331,28-05-2026,49,Other,Delhi,Desktop,Email,Diwali Sale,Grocery,15.1,0,0,0,0,35.74,Not Applicable
CUST0458,29-05-2026,35,Male,Karimnagar,Mobile,Facebook,Festive Sale,Books,15.3,1,1,1,499,65.19,Cash on Delivery
CUST0349,29-05-2026,33,Male,Mumbai,Mobile,Direct,No Campaign,Electronics,15.2,1,1,3,847,0,Credit Card
CUST0134,30-05-2026,49,Male,Mumbai,Tablet,WhatsApp,Diwali Sale,Electronics,14.4,1,0,0,0,7.03,Not Applicable
CUST0425,31-05-2026,30,Female,Hyderabad,Mobile,Facebook,Flash Sale,Electronics,16.8,0,0,0,0,37.25,Not Applicable
CUST0007,01-06-2026,20,Male,Mumbai,Desktop,Email,Diwali Sale,Books,16.4,1,1,2,9948,30.95,Wallet
CUST0436,01-06-2026,31,Male,Nizamabad,Mobile,Google,No Campaign,Grocery,13.7,0,0,0,0,49.69,Not Applicable
CUST0402,02-06-2026,25,Male,Karimnagar,Mobile,Facebook,New Customer,Sports,7.3,0,0,0,0,48.92,Not Applicable
CUST0305,04-06-2026,30,Other,Warangal,Desktop,WhatsApp,New Customer,Sports,14.9,0,0,0,0,33.08,Not Applicable
CUST0332,04-06-2026,29,Female,Nizamabad,Mobile,WhatsApp,Diwali Sale,Fashion,5.4,1,0,0,0,13.3,Not Applicable
CUST0313,04-06-2026,48,Male,Visakhapatnam,Desktop,Google,No Campaign,Grocery,12.5,1,0,0,0,108.82,Not Applicable
CUST0039,05-06-2026,22,Other,Visakhapatnam,Mobile,Facebook,Flash Sale,Sports,17.9,0,0,0,0,38.92,Not Applicable
CUST0383,05-06-2026,39,Male,Delhi,Mobile,Google,Flash Sale,Books,1.4,0,0,0,0,100.33,Not Applicable
CUST0382,05-06-2026,29,Female,Warangal,Mobile,Google,Diwali Sale,Grocery,12.8,1,0,0,0,65.91,Not Applicable
CUST0410,05-06-2026,27,Male,Nizamabad,Mobile,Facebook,Summer Sale,Beauty,7.7,0,0,0,0,91.89,Not Applicable
CUST0431,06-06-2026,31,Female,Chennai,Mobile,Instagram,No Campaign,Electronics,18.3,0,0,0,0,28.2,Not Applicable
CUST0243,06-06-2026,31,Other,Warangal,Desktop,Facebook,New Customer,Sports,9.7,1,1,2,4998,28.02,Wallet
CUST0415,07-06-2026,19,Male,Karimnagar,Mobile,YouTube,No Campaign,Books,10,0,0,0,0,125.15,Not Applicable
CUST0015,07-06-2026,32,Female,Karimnagar,Tablet,Google,Flash Sale,Electronics,16,1,1,2,5948,108.74,Credit Card
CUST0132,07-06-2026,44,Other,Visakhapatnam,Mobile,Direct,No Campaign,Electronics,13.8,1,0,0,0,0,Not Applicable
CUST0228,08-06-2026,21,Other,Mumbai,Mobile,YouTube,No Campaign,Fashion,14.7,1,0,0,0,133.6,Not Applicable
CUST0056,08-06-2026,27,Other,Warangal,Mobile,YouTube,Festive Sale,Electronics,16.9,1,1,2,5948,72.59,Net Banking
CUST0248,08-06-2026,40,Other,Karimnagar,Mobile,Google,New Customer,Grocery,7.9,1,1,3,1847,60.3,Wallet
CUST0202,08-06-2026,30,Male,Bengaluru,Mobile,Google,Weekend Offer,Fashion,11,1,0,0,0,41.86,Not Applicable
CUST0450,09-06-2026,54,Female,Bengaluru,Desktop,Email,Summer Sale,Beauty,5.3,0,0,0,0,32.71,Not Applicable
CUST0292,10-06-2026,23,Female,Vijayawada,Mobile,Instagram,New Customer,Books,16.3,1,0,0,0,24.52,Not Applicable
CUST0299,10-06-2026,29,Other,Karimnagar,Desktop,Facebook,New Customer,Fashion,4.2,0,0,0,0,75.54,Not Applicable
CUST0409,10-06-2026,21,Female,Hyderabad,Mobile,Direct,New Customer,Grocery,6.1,1,1,1,1499,0,Cash on Delivery
CUST0363,11-06-2026,34,Other,Vijayawada,Mobile,Instagram,Diwali Sale,Books,14.7,1,1,1,2249,44.46,Wallet
CUST0357,12-06-2026,38,Male,Visakhapatnam,Desktop,Direct,Diwali Sale,Grocery,17.1,1,0,0,0,0,Not Applicable
CUST0279,12-06-2026,55,Other,Nizamabad,Mobile,YouTube,Diwali Sale,Home & Kitchen,18.7,1,0,0,0,79.26,Not Applicable
CUST0325,13-06-2026,32,Female,Visakhapatnam,Mobile,WhatsApp,Weekend Offer,Books,7.6,0,0,0,0,6.55,Not Applicable
CUST0347,13-06-2026,41,Male,Delhi,Mobile,Google,Summer Sale,Grocery,19.3,1,1,3,5697,99.84,Credit Card
CUST0112,14-06-2026,33,Male,Visakhapatnam,Desktop,Instagram,Flash Sale,Fashion,4.3,1,0,0,0,50.72,Not Applicable
CUST0139,14-06-2026,31,Other,Nizamabad,Mobile,Direct,Summer Sale,Home & Kitchen,10.5,1,1,3,23697,0,Debit Card
CUST0034,14-06-2026,52,Male,Mumbai,Mobile,Google,Diwali Sale,Beauty,16.1,1,0,0,0,128.93,Not Applicable
CUST0398,15-06-2026,18,Other,Hyderabad,Mobile,Email,Flash Sale,Books,4.3,1,0,0,0,12.73,Not Applicable
CUST0376,15-06-2026,26,Male,Karimnagar,Mobile,Instagram,Weekend Offer,Grocery,3.1,1,0,0,0,27.59,Not Applicable
CUST0308,15-06-2026,33,Female,Hyderabad,Mobile,Instagram,Festive Sale,Grocery,6.5,1,1,3,5997,34.75,Debit Card
CUST0240,15-06-2026,18,Female,Hyderabad,Desktop,Instagram,Weekend Offer,Fashion,2.7,0,0,0,0,55.86,Not Applicable
CUST0265,16-06-2026,31,Male,Nizamabad,Mobile,Email,New Customer,Electronics,10.4,1,1,1,4949,39.47,Credit Card
CUST0267,16-06-2026,35,Other,Visakhapatnam,Desktop,YouTube,Weekend Offer,Sports,8,0,0,0,0,103.6,Not Applicable
CUST0071,16-06-2026,48,Female,Chennai,Mobile,WhatsApp,Diwali Sale,Electronics,8.9,0,0,0,0,34.54,Not Applicable
CUST0470,17-06-2026,35,Other,Karimnagar,Desktop,Google,Diwali Sale,Electronics,4.7,1,1,2,3948,71.58,Cash on Delivery
CUST0449,17-06-2026,41,Other,Bengaluru,Desktop,WhatsApp,Flash Sale,Electronics,11.8,1,1,1,1199,30.37,Credit Card
CUST0290,18-06-2026,22,Male,Delhi,Mobile,Instagram,New Customer,Beauty,6.7,1,1,3,1947,84.22,Debit Card
CUST0287,19-06-2026,31,Male,Warangal,Desktop,Google,Summer Sale,Electronics,17.7,0,0,0,0,132.28,Not Applicable
CUST0289,19-06-2026,22,Other,Warangal,Mobile,Email,Flash Sale,Sports,10.5,0,0,0,0,17.56,Not Applicable
CUST0500,19-06-2026,34,Other,Delhi,Tablet,Google,Weekend Offer,Home & Kitchen,4.5,1,1,3,8947,75.37,UPI
CUST0344,19-06-2026,29,Female,Hyderabad,Mobile,Direct,Diwali Sale,Home & Kitchen,4.5,1,1,3,7247,0,Debit Card
CUST0064,21-06-2026,29,Female,Delhi,Mobile,Facebook,Diwali Sale,Home & Kitchen,4,0,0,0,0,55.64,Not Applicable
CUST0312,21-06-2026,55,Other,Bengaluru,Mobile,Google,New Customer,Fashion,4.7,0,0,0,0,53.73,Not Applicable
CUST0079,21-06-2026,35,Female,Visakhapatnam,Desktop,Instagram,Festive Sale,Beauty,16.8,1,1,2,2448,58.3,Credit Card
CUST0093,24-06-2026,22,Male,Bengaluru,Mobile,Instagram,Diwali Sale,Electronics,11.9,1,1,1,2699,94.51,Wallet
CUST0025,25-06-2026,24,Other,Delhi,Mobile,Google,No Campaign,Electronics,16.7,0,0,0,0,137.53,Not Applicable
CUST0049,25-06-2026,27,Female,Visakhapatnam,Mobile,YouTube,Summer Sale,Books,16.9,1,1,1,4899,131.86,Debit Card
CUST0204,26-06-2026,18,Other,Bengaluru,Desktop,Facebook,Festive Sale,Books,6.4,1,0,0,0,49.18,Not Applicable
CUST0182,26-06-2026,47,Other,Delhi,Mobile,Direct,Flash Sale,Sports,4.5,1,1,2,3898,0,Cash on Delivery
CUST0257,28-06-2026,30,Male,Nizamabad,Mobile,Facebook,New Customer,Books,8.7,1,0,0,0,95.01,Not Applicable
CUST0151,28-06-2026,32,Other,Chennai,Mobile,Facebook,Diwali Sale,Beauty,9.3,0,0,0,0,58.05,Not Applicable
CUST0309,28-06-2026,24,Female,Visakhapatnam,Mobile,Instagram,No Campaign,Grocery,18.1,0,0,0,0,51.63,Not Applicable
CUST0247,29-06-2026,46,Other,Hyderabad,Mobile,YouTube,No Campaign,Grocery,7.6,1,0,0,0,54.92,Not Applicable
CUST0076,30-06-2026,53,Female,Visakhapatnam,Desktop,Facebook,Summer Sale,Electronics,11.5,0,0,0,0,20.15,Not Applicable
CUST0381,01-07-2026,48,Male,Nizamabad,Desktop,Google,No Campaign,Sports,16.5,1,0,0,0,80.99,Not Applicable
CUST0190,01-07-2026,24,Male,Warangal,Mobile,Google,Festive Sale,Grocery,17.2,1,0,0,0,63.65,Not Applicable
CUST0125,02-07-2026,54,Male,Delhi,Mobile,Facebook,Diwali Sale,Fashion,2.6,1,0,0,0,25.64,Not Applicable
CUST0252,02-07-2026,45,Other,Bengaluru,Mobile,WhatsApp,Summer Sale,Electronics,8.8,0,0,0,0,7.43,Not Applicable
CUST0121,02-07-2026,51,Female,Karimnagar,Mobile,Direct,Flash Sale,Sports,12.2,1,0,0,0,0,Not Applicable
CUST0374,03-07-2026,42,Other,Warangal,Mobile,Facebook,No Campaign,Home & Kitchen,16.9,0,0,0,0,59.09,Not Applicable
CUST0261,03-07-2026,32,Male,Visakhapatnam,Mobile,WhatsApp,Summer Sale,Books,5.8,1,0,0,0,7.1,Not Applicable
CUST0386,03-07-2026,51,Female,Vijayawada,Mobile,Instagram,Diwali Sale,Grocery,1.1,1,1,3,1997,38.58,Credit Card
CUST0110,04-07-2026,25,Male,Visakhapatnam,Desktop,Facebook,Festive Sale,Books,9.5,1,0,0,0,54.49,Not Applicable
CUST0264,05-07-2026,29,Female,Delhi,Mobile,Email,New Customer,Fashion,5.9,0,0,0,0,15.22,Not Applicable
CUST0329,06-07-2026,23,Male,Delhi,Mobile,Google,Flash Sale,Sports,10.7,1,1,3,1497,101.93,Wallet
CUST0033,07-07-2026,27,Male,Delhi,Mobile,Instagram,Festive Sale,Grocery,19.8,1,1,3,2797,25.46,Credit Card
CUST0131,08-07-2026,29,Male,Warangal,Mobile,YouTube,Flash Sale,Sports,19.4,1,1,2,498,132.19,Wallet
CUST0452,08-07-2026,19,Female,Warangal,Mobile,YouTube,Festive Sale,Fashion,6.3,1,0,0,0,56.37,Not Applicable
CUST0258,08-07-2026,28,Other,Karimnagar,Desktop,Facebook,Summer Sale,Beauty,4.3,0,0,0,0,70.64,Not Applicable
CUST0448,08-07-2026,19,Male,Chennai,Mobile,Direct,No Campaign,Grocery,7.4,0,0,0,0,0,Not Applicable
CUST0432,08-07-2026,29,Male,Vijayawada,Mobile,Direct,Weekend Offer,Electronics,2.6,1,1,1,4799,0,Net Banking
CUST0065,09-07-2026,31,Female,Karimnagar,Desktop,YouTube,Festive Sale,Electronics,8.5,0,0,0,0,58.54,Not Applicable
CUST0404,09-07-2026,53,Female,Delhi,Mobile,WhatsApp,Festive Sale,Fashion,11.3,0,0,0,0,12.9,Not Applicable
CUST0091,09-07-2026,46,Other,Chennai,Mobile,Google,Weekend Offer,Beauty,17.9,1,0,0,0,116.8,Not Applicable
CUST0129,09-07-2026,39,Other,Chennai,Desktop,Direct,Diwali Sale,Electronics,10,1,0,0,0,0,Not Applicable
CUST0298,09-07-2026,24,Other,Nizamabad,Mobile,Email,Diwali Sale,Home & Kitchen,4.9,0,0,0,0,35.44,Not Applicable
CUST0282,10-07-2026,53,Male,Delhi,Mobile,Google,Festive Sale,Beauty,11.7,1,1,2,1948,32.96,Debit Card
CUST0014,10-07-2026,28,Female,Visakhapatnam,Mobile,WhatsApp,Summer Sale,Books,11.6,0,0,0,0,31.77,Not Applicable
CUST0274,11-07-2026,46,Female,Mumbai,Mobile,Facebook,Summer Sale,Beauty,5.3,0,0,0,0,41.32,Not Applicable
CUST0223,11-07-2026,38,Male,Vijayawada,Mobile,Email,Weekend Offer,Beauty,9.5,0,0,0,0,21.72,Not Applicable
CUST0176,11-07-2026,42,Female,Vijayawada,Desktop,Google,Festive Sale,Books,15.3,1,0,0,0,91.25,Not Applicable
CUST0078,12-07-2026,31,Male,Visakhapatnam,Desktop,Google,Flash Sale,Sports,11.7,0,0,0,0,61.84,Not Applicable
CUST0403,12-07-2026,46,Female,Vijayawada,Mobile,WhatsApp,No Campaign,Sports,16.3,1,0,0,0,20.72,Not Applicable
CUST0218,12-07-2026,19,Other,Vijayawada,Desktop,WhatsApp,Flash Sale,Grocery,12.6,1,1,1,899,17.21,UPI
CUST0195,13-07-2026,33,Female,Mumbai,Desktop,Instagram,New Customer,Fashion,18.5,1,1,2,1698,32.42,Cash on Delivery
CUST0427,13-07-2026,45,Female,Bengaluru,Tablet,Facebook,No Campaign,Electronics,7.1,1,0,0,0,48,Not Applicable
CUST0103,13-07-2026,43,Female,Bengaluru,Mobile,Instagram,Flash Sale,Books,4.3,0,0,0,0,98.42,Not Applicable
CUST0141,14-07-2026,28,Female,Hyderabad,Desktop,WhatsApp,New Customer,Home & Kitchen,5.5,1,1,2,2798,10.61,Cash on Delivery
CUST0160,15-07-2026,23,Male,Vijayawada,Tablet,WhatsApp,Flash Sale,Sports,18.6,1,0,0,0,21.59,Not Applicable
CUST0442,16-07-2026,25,Male,Mumbai,Desktop,Facebook,Festive Sale,Books,3.8,1,0,0,0,33.85,Not Applicable
CUST0159,16-07-2026,36,Other,Bengaluru,Mobile,Google,Flash Sale,Fashion,2,1,0,0,0,26.03,Not Applicable
CUST0161,16-07-2026,47,Female,Chennai,Mobile,Google,Festive Sale,Fashion,12.3,1,1,1,749,96.33,Net Banking
CUST0244,16-07-2026,46,Other,Bengaluru,Mobile,Direct,Summer Sale,Fashion,17.8,0,0,0,0,0,Not Applicable
CUST0221,16-07-2026,30,Other,Delhi,Mobile,Facebook,Festive Sale,Beauty,14.8,1,1,3,1397,45.31,Wallet
CUST0361,16-07-2026,26,Female,Visakhapatnam,Mobile,Direct,Diwali Sale,Fashion,5.2,1,0,0,0,0,Not Applicable
CUST0280,17-07-2026,45,Other,Visakhapatnam,Desktop,Email,Flash Sale,Fashion,8.9,1,0,0,0,38.43,Not Applicable
CUST0350,17-07-2026,28,Female,Warangal,Mobile,Email,Weekend Offer,Home & Kitchen,13,0,0,0,0,18.94,Not Applicable
CUST0334,17-07-2026,25,Other,Nizamabad,Mobile,Direct,Weekend Offer,Home & Kitchen,19.1,1,1,2,1298,0,Net Banking
CUST0239,18-07-2026,23,Other,Mumbai,Mobile,Google,New Customer,Sports,6.7,1,1,2,1248,75.02,Net Banking
CUST0284,19-07-2026,18,Other,Delhi,Desktop,Direct,Weekend Offer,Sports,13.7,0,0,0,0,0,Not Applicable
CUST0084,19-07-2026,44,Male,Vijayawada,Mobile,Instagram,Flash Sale,Books,11,0,0,0,0,57.49,Not Applicable
CUST0255,20-07-2026,28,Other,Chennai,Mobile,Instagram,No Campaign,Books,16,0,0,0,0,37.75,Not Applicable
CUST0269,20-07-2026,53,Other,Chennai,Mobile,Facebook,Weekend Offer,Grocery,5.9,1,0,0,0,60.38,Not Applicable
CUST0368,20-07-2026,48,Other,Karimnagar,Desktop,Google,Festive Sale,Beauty,12.3,1,0,0,0,48.94,Not Applicable
CUST0286,21-07-2026,32,Male,Vijayawada,Tablet,YouTube,Weekend Offer,Books,11.3,1,1,1,49,64.89,Debit Card
CUST0050,21-07-2026,52,Male,Mumbai,Desktop,YouTube,New Customer,Grocery,17.2,0,0,0,0,61.02,Not Applicable
CUST0371,21-07-2026,21,Other,Bengaluru,Desktop,WhatsApp,Diwali Sale,Books,15.6,1,0,0,0,10.77,Not Applicable
CUST0080,22-07-2026,42,Other,Hyderabad,Mobile,Google,Summer Sale,Sports,18.2,0,0,0,0,71.32,Not Applicable
CUST0043,22-07-2026,29,Other,Visakhapatnam,Mobile,YouTube,Summer Sale,Home & Kitchen,13.3,0,0,0,0,146.7,Not Applicable
CUST0295,22-07-2026,27,Male,Karimnagar,Tablet,Instagram,New Customer,Beauty,10.3,1,0,0,0,25.58,Not Applicable
CUST0468,24-07-2026,33,Other,Bengaluru,Desktop,YouTube,Weekend Offer,Grocery,19.4,1,0,0,0,133.68,Not Applicable
CUST0496,24-07-2026,30,Male,Chennai,Tablet,Google,Flash Sale,Electronics,19.1,0,0,0,0,29.42,Not Applicable
CUST0353,25-07-2026,40,Other,Delhi,Desktop,Email,New Customer,Grocery,10.7,1,0,0,0,9.34,Not Applicable
CUST0045,26-07-2026,33,Male,Delhi,Mobile,Facebook,Weekend Offer,Beauty,13.9,1,0,0,0,82.1,Not Applicable
CUST0168,26-07-2026,44,Male,Vijayawada,Tablet,Direct,No Campaign,Grocery,5.6,1,1,2,5498,0,Wallet
CUST0097,26-07-2026,35,Female,Delhi,Mobile,Direct,Festive Sale,Beauty,5.1,1,1,2,5798,0,UPI
CUST0154,27-07-2026,35,Other,Vijayawada,Desktop,WhatsApp,Festive Sale,Sports,1.3,0,0,0,0,26.41,Not Applicable
CUST0276,28-07-2026,49,Other,Visakhapatnam,Mobile,Direct,New Customer,Fashion,12.9,0,0,0,0,0,Not Applicable
CUST0288,28-07-2026,40,Other,Delhi,Mobile,Email,Weekend Offer,Books,10.4,1,1,2,798,27.28,Credit Card
CUST0072,28-07-2026,42,Male,Chennai,Desktop,WhatsApp,Summer Sale,Electronics,5.1,1,0,0,0,11.21,Not Applicable
CUST0463,28-07-2026,27,Other,Bengaluru,Mobile,Direct,New Customer,Grocery,11.4,0,0,0,0,0,Not Applicable
CUST0486,29-07-2026,24,Female,Visakhapatnam,Mobile,Facebook,Summer Sale,Grocery,13,1,1,1,1849,93.97,Wallet
CUST0490,29-07-2026,24,Male,Nizamabad,Desktop,Google,Diwali Sale,Books,12.4,1,0,0,0,58.29,Not Applicable
CUST0225,29-07-2026,33,Male,Bengaluru,Mobile,Email,Weekend Offer,Electronics,2.6,1,0,0,0,28.36,Not Applicable
CUST0003,29-07-2026,55,Male,Bengaluru,Desktop,Email,Festive Sale,Beauty,17.4,1,1,1,7999,23.97,Cash on Delivery
CUST0135,29-07-2026,38,Other,Chennai,Mobile,Email,Diwali Sale,Grocery,4.9,1,0,0,0,25.59,Not Applicable
CUST0140,30-07-2026,38,Male,Chennai,Desktop,Facebook,Diwali Sale,Beauty,10.7,1,1,3,3597,90.33,Wallet
CUST0253,30-07-2026,23,Other,Vijayawada,Mobile,WhatsApp,Festive Sale,Electronics,17,0,0,0,0,31.26,Not Applicable
CUST0482,31-07-2026,18,Other,Mumbai,Mobile,Instagram,Flash Sale,Electronics,5.5,0,0,0,0,93.7,Not Applicable
CUST0035,31-07-2026,20,Male,Warangal,Mobile,Instagram,Weekend Offer,Beauty,1.4,1,1,1,799,62.16,Wallet
CUST0230,31-07-2026,19,Female,Mumbai,Mobile,Email,Weekend Offer,Electronics,18.6,1,0,0,0,22.12,Not Applicable
CUST0101,31-07-2026,33,Male,Chennai,Mobile,Facebook,Festive Sale,Electronics,13.2,1,0,0,0,37.77,Not Applicable
CUST0196,01-08-2026,39,Other,Bengaluru,Mobile,Email,New Customer,Sports,17.9,0,0,0,0,11.11,Not Applicable
CUST0227,02-08-2026,20,Other,Delhi,Mobile,Direct,New Customer,Sports,2.6,0,0,0,0,0,Not Applicable
CUST0242,02-08-2026,54,Female,Delhi,Desktop,WhatsApp,Diwali Sale,Grocery,12.2,1,1,3,5697,10.65,Cash on Delivery
CUST0096,03-08-2026,50,Other,Chennai,Mobile,Instagram,New Customer,Home & Kitchen,17.9,0,0,0,0,86.21,Not Applicable
CUST0373,04-08-2026,47,Female,Warangal,Desktop,YouTube,No Campaign,Home & Kitchen,8.6,1,0,0,0,134.34,Not Applicable
CUST0082,04-08-2026,49,Female,Delhi,Desktop,Email,Weekend Offer,Sports,10.8,1,1,3,23797,36.83,Net Banking
CUST0489,04-08-2026,43,Male,Mumbai,Desktop,Email,Diwali Sale,Grocery,9.3,1,0,0,0,34.56,Not Applicable
CUST0388,04-08-2026,31,Other,Warangal,Desktop,YouTube,Festive Sale,Home & Kitchen,15.2,1,1,1,999,143,Net Banking
CUST0231,04-08-2026,43,Male,Warangal,Mobile,Facebook,No Campaign,Sports,11.5,1,0,0,0,31.53,Not Applicable
CUST0172,05-08-2026,55,Male,Delhi,Desktop,Instagram,Festive Sale,Sports,6.7,1,1,3,23497,41.97,Debit Card
CUST0297,05-08-2026,49,Other,Delhi,Mobile,Email,Festive Sale,Fashion,4.7,1,1,1,449,17.55,Credit Card
CUST0127,05-08-2026,53,Female,Bengaluru,Mobile,Facebook,Weekend Offer,Fashion,1.4,1,1,3,847,39.86,Credit Card
CUST0429,05-08-2026,19,Other,Delhi,Tablet,Google,Festive Sale,Sports,15.5,0,0,0,0,128.55,Not Applicable
CUST0341,05-08-2026,27,Other,Mumbai,Mobile,Facebook,Flash Sale,Electronics,19.1,0,0,0,0,102.46,Not Applicable
CUST0445,05-08-2026,42,Other,Nizamabad,Mobile,WhatsApp,No Campaign,Sports,13.9,0,0,0,0,32.22,Not Applicable
CUST0251,06-08-2026,36,Female,Delhi,Mobile,WhatsApp,Diwali Sale,Grocery,10.4,1,0,0,0,7.83,Not Applicable
CUST0153,06-08-2026,48,Female,Warangal,Desktop,Instagram,New Customer,Sports,8.7,1,0,0,0,29.84,Not Applicable
CUST0057,06-08-2026,32,Male,Warangal,Tablet,WhatsApp,Summer Sale,Fashion,4.3,1,0,0,0,13.18,Not Applicable
CUST0270,07-08-2026,29,Other,Delhi,Tablet,YouTube,Flash Sale,Sports,1.6,1,0,0,0,145.58,Not Applicable
CUST0421,07-08-2026,44,Male,Karimnagar,Mobile,Facebook,Diwali Sale,Fashion,9.5,1,0,0,0,77.03,Not Applicable
CUST0158,08-08-2026,24,Other,Delhi,Tablet,Google,No Campaign,Beauty,9.2,0,0,0,0,80.6,Not Applicable
CUST0336,08-08-2026,32,Male,Visakhapatnam,Mobile,Direct,Diwali Sale,Home & Kitchen,16,1,0,0,0,0,Not Applicable
CUST0499,09-08-2026,47,Other,Warangal,Mobile,YouTube,Weekend Offer,Sports,5.9,1,1,2,898,140.95,Wallet
CUST0063,09-08-2026,43,Other,Hyderabad,Mobile,WhatsApp,Weekend Offer,Grocery,3.9,1,0,0,0,19.91,Not Applicable
CUST0175,09-08-2026,46,Other,Delhi,Desktop,Direct,Summer Sale,Electronics,3,1,1,1,849,0,Cash on Delivery
CUST0390,10-08-2026,19,Male,Nizamabad,Mobile,Email,Weekend Offer,Books,4,1,1,2,2498,7.35,Wallet
CUST0126,10-08-2026,28,Other,Warangal,Mobile,Instagram,Festive Sale,Fashion,19,1,1,1,749,68.06,Cash on Delivery
CUST0310,10-08-2026,26,Male,Vijayawada,Mobile,YouTube,No Campaign,Sports,11.8,1,0,0,0,122.31,Not Applicable
CUST0399,11-08-2026,33,Female,Karimnagar,Tablet,Facebook,New Customer,Books,8.1,0,0,0,0,55.93,Not Applicable
CUST0012,13-08-2026,26,Other,Warangal,Mobile,WhatsApp,Festive Sale,Beauty,14.5,1,1,3,1797,20.63,Wallet
CUST0300,14-08-2026,27,Other,Karimnagar,Desktop,Direct,New Customer,Books,9.8,0,0,0,0,0,Not Applicable
CUST0022,14-08-2026,55,Other,Hyderabad,Mobile,WhatsApp,Summer Sale,Sports,10.7,1,1,2,5798,15.36,Net Banking
CUST0375,14-08-2026,52,Male,Vijayawada,Desktop,Facebook,Festive Sale,Sports,4.4,1,0,0,0,88.72,Not Applicable
CUST0469,14-08-2026,40,Female,Visakhapatnam,Desktop,Instagram,No Campaign,Books,8.1,0,0,0,0,31.06,Not Applicable
CUST0339,14-08-2026,18,Female,Bengaluru,Mobile,Google,No Campaign,Grocery,2.6,1,1,2,9998,91.92,Credit Card
CUST0461,15-08-2026,18,Other,Mumbai,Mobile,Email,Festive Sale,Grocery,3.9,0,0,0,0,15.73,Not Applicable
CUST0152,15-08-2026,52,Other,Delhi,Mobile,Direct,Summer Sale,Grocery,18.5,1,0,0,0,0,Not Applicable
CUST0085,15-08-2026,53,Female,Karimnagar,Mobile,Direct,New Customer,Fashion,6.1,1,1,3,747,0,Wallet
CUST0005,15-08-2026,41,Male,Karimnagar,Mobile,Direct,Diwali Sale,Fashion,13,1,1,1,7899,0,Net Banking
CUST0370,15-08-2026,49,Male,Mumbai,Mobile,YouTube,Flash Sale,Books,1.3,1,0,0,0,114.79,Not Applicable
CUST0291,16-08-2026,38,Female,Hyderabad,Desktop,Direct,Weekend Offer,Home & Kitchen,12.1,1,0,0,0,0,Not Applicable
CUST0343,16-08-2026,25,Male,Warangal,Mobile,WhatsApp,No Campaign,Home & Kitchen,1.1,0,0,0,0,16.96,Not Applicable
CUST0263,17-08-2026,33,Male,Karimnagar,Mobile,Instagram,Summer Sale,Home & Kitchen,16.6,0,0,0,0,68.81,Not Applicable
CUST0041,17-08-2026,30,Other,Vijayawada,Mobile,Google,Festive Sale,Grocery,2.9,1,0,0,0,56.64,Not Applicable
CUST0326,17-08-2026,54,Male,Visakhapatnam,Mobile,Direct,Flash Sale,Beauty,16.7,0,0,0,0,0,Not Applicable
CUST0384,18-08-2026,47,Male,Bengaluru,Mobile,Email,New Customer,Fashion,17.8,1,1,2,98,38.48,UPI
CUST0365,18-08-2026,53,Female,Visakhapatnam,Mobile,Instagram,Summer Sale,Home & Kitchen,8.5,1,0,0,0,39.27,Not Applicable
CUST0115,19-08-2026,43,Male,Chennai,Tablet,WhatsApp,Diwali Sale,Home & Kitchen,9.6,0,0,0,0,14.5,Not Applicable
CUST0117,19-08-2026,49,Other,Delhi,Desktop,Instagram,Festive Sale,Grocery,11.5,0,0,0,0,95.86,Not Applicable
CUST0367,19-08-2026,38,Male,Visakhapatnam,Mobile,Google,Weekend Offer,Electronics,4,1,0,0,0,54.24,Not Applicable
CUST0420,20-08-2026,34,Female,Chennai,Mobile,Google,Festive Sale,Grocery,8,1,1,3,1447,102.77,Credit Card
CUST0075,21-08-2026,26,Female,Karimnagar,Mobile,WhatsApp,Diwali Sale,Home & Kitchen,18.3,1,0,0,0,17.77,Not Applicable
CUST0119,22-08-2026,45,Male,Delhi,Mobile,Facebook,Flash Sale,Electronics,5.9,0,0,0,0,88.07,Not Applicable
CUST0487,24-08-2026,25,Male,Visakhapatnam,Desktop,Direct,New Customer,Sports,17.1,1,0,0,0,0,Not Applicable
CUST0493,24-08-2026,45,Male,Delhi,Mobile,Direct,Festive Sale,Fashion,3.8,0,0,0,0,0,Not Applicable
CUST0497,24-08-2026,24,Other,Karimnagar,Mobile,Email,Festive Sale,Grocery,18.7,0,0,0,0,5.34,Not Applicable
CUST0342,25-08-2026,41,Other,Bengaluru,Mobile,WhatsApp,Diwali Sale,Fashion,3.7,1,0,0,0,21.68,Not Applicable
CUST0419,25-08-2026,23,Female,Warangal,Mobile,Direct,Festive Sale,Sports,12.8,1,1,2,3698,0,Credit Card
CUST0179,25-08-2026,32,Male,Nizamabad,Desktop,YouTube,Flash Sale,Books,8,1,0,0,0,116.15,Not Applicable
