Customer_ID,Date,Age,Gender,Location,Device_Type,Traffic_Source,Campaign,Product_Category,Product_Name,Page_Viewed,Time_Spent_Min,Cart_Status,Purchase_Status,Quantity,Product_Price,Discount,Revenue,Ad_Spend,Payment_Method,Customer_Rating
CUST0001,19-04-2026,24,Other,Warangal,Mobile,YouTube,No Campaign,Home & Kitchen,Mixer Grinder,Product Page,11.9,Not Added,Not Purchased,0,299,0,0,66.71,Not Applicable,
CUST0002,27-01-2026,24,Other,Delhi,Tablet,Direct,No Campaign,Sports,Cricket Bat,Product Page,7.8,Not Added,Not Purchased,0,2999,0,0,4.69,Not Applicable,
CUST0003,29-07-2026,55,Male,Bengaluru,Desktop,Email,Festive Sale,Beauty,Moisturizer,Home Page,17.4,Added,Purchased,1,7999,0,7999,23.97,Cash on Delivery,3
CUST0004,15-04-2026,42,Other,Chennai,Desktop,Direct,Diwali Sale,Home & Kitchen,Cookware Set,Product Page,1.4,Not Added,Not Purchased,0,699,0,0,0.48,Not Applicable,
CUST0005,15-08-2026,41,Male,Karimnagar,Mobile,Direct,Diwali Sale,Fashion,Kurti,Home Page,13,Added,Purchased,1,7999,100,7899,2.19,Net Banking,3.5
CUST0006,01-04-2026,50,Male,Vijayawada,Mobile,Direct,Weekend Offer,Books,Exam Guide,Product Page,8.9,Added,Not Purchased,0,1999,0,0,4.48,Not Applicable,
CUST0007,01-06-2026,20,Male,Mumbai,Desktop,Email,Diwali Sale,Books,Python Book,Checkout Page,16.4,Added,Purchased,2,4999,50,9948,30.95,Wallet,4
CUST0008,05-04-2026,26,Female,Warangal,Desktop,Google,Festive Sale,Books,Python Book,Home Page,19.5,Added,Not Purchased,0,7999,0,0,42.81,Not Applicable,
CUST0009,25-03-2026,28,Other,Nizamabad,Desktop,YouTube,Diwali Sale,Electronics,Laptop Bag,Product Page,6,Not Added,Not Purchased,0,4999,0,0,139.48,Not Applicable,
CUST0010,15-01-2026,28,Female,Bengaluru,Mobile,Email,Summer Sale,Sports,Yoga Mat,Product Page,1.7,Added,Not Purchased,0,1299,0,0,13.88,Not Applicable,
CUST0011,26-04-2026,41,Other,Hyderabad,Desktop,Google,Summer Sale,Beauty,Face Wash,Checkout Page,6.7,Added,Not Purchased,0,299,0,0,52.18,Not Applicable,
CUST0012,13-08-2026,26,Other,Warangal,Mobile,WhatsApp,Festive Sale,Beauty,Shampoo,Home Page,14.5,Added,Purchased,3,699,300,1797,20.63,Wallet,3.5
CUST0013,24-05-2026,20,Male,Chennai,Tablet,Direct,No Campaign,Beauty,Shampoo,Home Page,2.1,Not Added,Not Purchased,0,499,0,0,1.12,Not Applicable,
CUST0014,10-07-2026,28,Female,Visakhapatnam,Mobile,WhatsApp,Summer Sale,Books,Python Book,Home Page,11.6,Not Added,Not Purchased,0,4999,0,0,31.77,Not Applicable,
CUST0015,07-06-2026,32,Female,Karimnagar,Tablet,Google,Flash Sale,Electronics,Wireless Earbuds,Product Page,16,Added,Purchased,2,2999,50,5948,108.74,Credit Card,3
CUST0016,21-03-2026,33,Female,Karimnagar,Desktop,Google,Weekend Offer,Grocery,Coffee,Cart Page,4.1,Added,Not Purchased,0,2499,0,0,70.42,Not Applicable,
CUST0017,30-03-2026,48,Other,Hyderabad,Desktop,Google,Weekend Offer,Books,Python Book,Category Page,10.7,Added,Purchased,2,4999,250,9748,31.37,Wallet,3.5
CUST0018,18-04-2026,45,Female,Visakhapatnam,Mobile,Direct,Weekend Offer,Electronics,Wireless Earbuds,Cart Page,17.5,Added,Not Purchased,0,299,0,0,9.45,Not Applicable,
CUST0019,26-03-2026,31,Male,Hyderabad,Mobile,Facebook,Weekend Offer,Electronics,Power Bank,Product Page,18.9,Added,Not Purchased,0,1999,0,0,20.87,Not Applicable,
CUST0020,11-03-2026,24,Other,Bengaluru,Mobile,Instagram,Weekend Offer,Electronics,Wireless Earbuds,Category Page,10.2,Not Added,Not Purchased,0,2999,0,0,94.54,Not Applicable,
CUST0021,19-04-2026,21,Other,Visakhapatnam,Mobile,YouTube,No Campaign,Home & Kitchen,Storage Box,Checkout Page,14.7,Added,Not Purchased,0,1299,0,0,31.9,Not Applicable,
CUST0022,14-08-2026,55,Other,Hyderabad,Mobile,WhatsApp,Summer Sale,Sports,Cricket Bat,Checkout Page,10.7,Added,Purchased,2,2999,200,5798,15.36,Net Banking,4.5
CUST0023,03-02-2026,36,Male,Visakhapatnam,Tablet,YouTube,Festive Sale,Books,Python Book,Cart Page,12,Added,Not Purchased,0,2999,0,0,115.2,Not Applicable,
CUST0024,01-04-2026,19,Male,Bengaluru,Mobile,Google,Flash Sale,Grocery,Green Tea,Product Page,12.6,Not Added,Not Purchased,0,4999,0,0,108.45,Not Applicable,
CUST0025,25-06-2026,24,Other,Delhi,Mobile,Google,No Campaign,Electronics,Smart Watch,Home Page,16.7,Not Added,Not Purchased,0,1499,0,0,137.53,Not Applicable,
CUST0026,08-01-2026,53,Male,Delhi,Mobile,Direct,No Campaign,Electronics,Wireless Earbuds,Product Page,16.1,Not Added,Not Purchased,0,4999,0,0,1.44,Not Applicable,
CUST0027,15-04-2026,52,Female,Chennai,Mobile,Direct,No Campaign,Books,Python Book,Product Page,10.8,Added,Purchased,2,999,0,1998,2.22,Net Banking,4.5
CUST0028,13-02-2026,34,Male,Delhi,Mobile,Google,Weekend Offer,Grocery,Dry Fruits,Category Page,19.8,Added,Purchased,1,1299,300,999,101.53,Cash on Delivery,4
CUST0029,08-05-2026,23,Female,Nizamabad,Desktop,Direct,No Campaign,Fashion,Sneakers,Cart Page,16.9,Added,Purchased,3,499,500,997,6.67,Debit Card,3
CUST0030,23-02-2026,54,Other,Warangal,Desktop,WhatsApp,Festive Sale,Books,Novel,Product Page,5.9,Added,Purchased,1,2999,300,2699,14.43,Debit Card,3.5
CUST0031,26-04-2026,32,Male,Hyderabad,Desktop,Email,Weekend Offer,Home & Kitchen,Cookware Set,Product Page,3.1,Not Added,Not Purchased,0,1299,0,0,34.32,Not Applicable,
CUST0032,15-05-2026,50,Other,Bengaluru,Desktop,WhatsApp,Weekend Offer,Fashion,T-Shirt,Category Page,3.8,Not Added,Not Purchased,0,299,0,0,24.8,Not Applicable,
CUST0033,07-07-2026,27,Male,Delhi,Mobile,Instagram,Festive Sale,Grocery,Coffee,Checkout Page,19.8,Added,Purchased,3,999,200,2797,25.46,Credit Card,4.5
CUST0034,14-06-2026,52,Male,Mumbai,Mobile,Google,Diwali Sale,Beauty,Sunscreen,Product Page,16.1,Added,Not Purchased,0,699,0,0,128.93,Not Applicable,
CUST0035,31-07-2026,20,Male,Warangal,Mobile,Instagram,Weekend Offer,Beauty,Shampoo,Category Page,1.4,Added,Purchased,1,999,200,799,62.16,Wallet,4.5
CUST0036,02-03-2026,37,Other,Vijayawada,Mobile,YouTube,Flash Sale,Beauty,Sunscreen,Home Page,4.1,Not Added,Not Purchased,0,299,0,0,35.23,Not Applicable,
CUST0037,07-02-2026,38,Female,Mumbai,Tablet,Google,Summer Sale,Books,Python Book,Category Page,18.3,Not Added,Not Purchased,0,1299,0,0,72.58,Not Applicable,
CUST0038,30-03-2026,49,Other,Nizamabad,Mobile,Facebook,Diwali Sale,Sports,Football,Cart Page,11.3,Added,Not Purchased,0,699,0,0,53.19,Not Applicable,
CUST0039,05-06-2026,22,Other,Visakhapatnam,Mobile,Facebook,Flash Sale,Sports,Cricket Bat,Product Page,17.9,Not Added,Not Purchased,0,299,0,0,38.92,Not Applicable,
CUST0040,29-03-2026,41,Other,Warangal,Mobile,WhatsApp,No Campaign,Fashion,Jeans,Cart Page,1.1,Added,Purchased,2,999,500,1498,25.22,UPI,4
CUST0041,17-08-2026,30,Other,Vijayawada,Mobile,Google,Festive Sale,Grocery,Green Tea,Product Page,2.9,Added,Not Purchased,0,1299,0,0,56.64,Not Applicable,
CUST0042,26-03-2026,43,Female,Warangal,Mobile,Google,Festive Sale,Beauty,Face Wash,Cart Page,15.3,Not Added,Not Purchased,0,499,0,0,137,Not Applicable,
CUST0043,22-07-2026,29,Other,Visakhapatnam,Mobile,YouTube,Summer Sale,Home & Kitchen,Mixer Grinder,Product Page,13.3,Not Added,Not Purchased,0,4999,0,0,146.7,Not Applicable,
CUST0044,24-02-2026,41,Other,Bengaluru,Mobile,WhatsApp,New Customer,Fashion,Jacket,Home Page,7,Added,Purchased,1,7999,0,7999,10,UPI,4.5
CUST0045,26-07-2026,33,Male,Delhi,Mobile,Facebook,Weekend Offer,Beauty,Moisturizer,Checkout Page,13.9,Added,Not Purchased,0,299,0,0,82.1,Not Applicable,
CUST0046,24-04-2026,28,Female,Mumbai,Desktop,Google,New Customer,Grocery,Snacks Pack,Cart Page,17.7,Added,Not Purchased,0,1499,0,0,90.45,Not Applicable,
CUST0047,11-05-2026,49,Other,Bengaluru,Mobile,YouTube,Flash Sale,Grocery,Snacks Pack,Product Page,7.1,Not Added,Not Purchased,0,7999,0,0,48.19,Not Applicable,
CUST0048,04-02-2026,36,Other,Mumbai,Desktop,YouTube,New Customer,Grocery,Snacks Pack,Product Page,10.3,Added,Purchased,2,2999,300,5698,114.98,Wallet,3.5
CUST0049,25-06-2026,27,Female,Visakhapatnam,Mobile,YouTube,Summer Sale,Books,Business Book,Checkout Page,16.9,Added,Purchased,1,4999,100,4899,131.86,Debit Card,3.5
CUST0050,21-07-2026,52,Male,Mumbai,Desktop,YouTube,New Customer,Grocery,Coffee,Category Page,17.2,Not Added,Not Purchased,0,1999,0,0,61.02,Not Applicable,
CUST0051,14-04-2026,36,Female,Bengaluru,Desktop,Facebook,No Campaign,Sports,Yoga Mat,Category Page,6.8,Not Added,Not Purchased,0,1499,0,0,62.45,Not Applicable,
CUST0052,21-03-2026,21,Male,Chennai,Mobile,Google,Festive Sale,Fashion,Kurti,Category Page,8.8,Not Added,Not Purchased,0,699,0,0,123.42,Not Applicable,
CUST0053,24-02-2026,33,Male,Mumbai,Mobile,Email,Diwali Sale,Electronics,Power Bank,Home Page,15.4,Added,Not Purchased,0,1499,0,0,10.12,Not Applicable,
CUST0054,24-03-2026,45,Female,Visakhapatnam,Mobile,YouTube,New Customer,Books,Data Science Book,Cart Page,3.5,Added,Not Purchased,0,1499,0,0,119.78,Not Applicable,
CUST0055,11-03-2026,31,Male,Chennai,Mobile,Email,Summer Sale,Grocery,Organic Rice,Product Page,8.4,Not Added,Not Purchased,0,1299,0,0,11.81,Not Applicable,
CUST0056,08-06-2026,27,Other,Warangal,Mobile,YouTube,Festive Sale,Electronics,Laptop Bag,Cart Page,16.9,Added,Purchased,2,2999,50,5948,72.59,Net Banking,5
CUST0057,06-08-2026,32,Male,Warangal,Tablet,WhatsApp,Summer Sale,Fashion,Kurti,Product Page,4.3,Added,Not Purchased,0,7999,0,0,13.18,Not Applicable,
CUST0058,02-01-2026,31,Other,Karimnagar,Mobile,Facebook,Summer Sale,Books,Python Book,Cart Page,16,Added,Not Purchased,0,4999,0,0,88.2,Not Applicable,
CUST0059,15-05-2026,53,Female,Delhi,Mobile,Direct,Diwali Sale,Electronics,Wireless Earbuds,Product Page,6.7,Not Added,Not Purchased,0,999,0,0,3.53,Not Applicable,
CUST0060,04-04-2026,46,Male,Mumbai,Desktop,Instagram,No Campaign,Books,Data Science Book,Checkout Page,16.1,Added,Not Purchased,0,699,0,0,99.07,Not Applicable,
CUST0061,27-01-2026,20,Other,Visakhapatnam,Mobile,Direct,New Customer,Home & Kitchen,Water Bottle,Home Page,18.3,Not Added,Not Purchased,0,1499,0,0,9.91,Not Applicable,
CUST0062,06-05-2026,46,Female,Karimnagar,Mobile,Facebook,New Customer,Home & Kitchen,Water Bottle,Home Page,15.9,Not Added,Not Purchased,0,299,0,0,71.55,Not Applicable,
CUST0063,09-08-2026,43,Other,Hyderabad,Mobile,WhatsApp,Weekend Offer,Grocery,Green Tea,Cart Page,3.9,Added,Not Purchased,0,699,0,0,19.91,Not Applicable,
CUST0064,21-06-2026,29,Female,Delhi,Mobile,Facebook,Diwali Sale,Home & Kitchen,Cookware Set,Product Page,4,Not Added,Not Purchased,0,2499,0,0,55.64,Not Applicable,
CUST0065,09-07-2026,31,Female,Karimnagar,Desktop,YouTube,Festive Sale,Electronics,Laptop Bag,Category Page,8.5,Not Added,Not Purchased,0,4999,0,0,58.54,Not Applicable,
CUST0066,23-01-2026,30,Female,Bengaluru,Mobile,WhatsApp,No Campaign,Beauty,Face Wash,Category Page,8.1,Not Added,Not Purchased,0,1299,0,0,24.44,Not Applicable,
CUST0067,17-03-2026,48,Female,Warangal,Mobile,YouTube,Summer Sale,Fashion,Jeans,Checkout Page,15.5,Added,Purchased,1,299,100,199,31.89,Wallet,3
CUST0068,10-04-2026,44,Other,Visakhapatnam,Desktop,Email,Flash Sale,Books,Data Science Book,Cart Page,6,Not Added,Not Purchased,0,2499,0,0,7.05,Not Applicable,
CUST0069,11-02-2026,43,Other,Bengaluru,Desktop,WhatsApp,Summer Sale,Books,Python Book,Cart Page,13,Not Added,Not Purchased,0,1499,0,0,24.67,Not Applicable,
CUST0070,11-03-2026,40,Other,Warangal,Mobile,YouTube,Flash Sale,Electronics,Power Bank,Home Page,2.6,Not Added,Not Purchased,0,499,0,0,142.97,Not Applicable,
CUST0071,16-06-2026,48,Female,Chennai,Mobile,WhatsApp,Diwali Sale,Electronics,Laptop Bag,Cart Page,8.9,Not Added,Not Purchased,0,699,0,0,34.54,Not Applicable,
CUST0072,28-07-2026,42,Male,Chennai,Desktop,WhatsApp,Summer Sale,Electronics,Wireless Earbuds,Category Page,5.1,Added,Not Purchased,0,2499,0,0,11.21,Not Applicable,
CUST0073,10-01-2026,52,Male,Delhi,Mobile,Email,Flash Sale,Electronics,Power Bank,Cart Page,2.3,Not Added,Not Purchased,0,2999,0,0,19.56,Not Applicable,
CUST0074,11-01-2026,41,Other,Nizamabad,Desktop,YouTube,Festive Sale,Electronics,Laptop Bag,Home Page,6.7,Not Added,Not Purchased,0,1499,0,0,129.41,Not Applicable,
CUST0075,21-08-2026,26,Female,Karimnagar,Mobile,WhatsApp,Diwali Sale,Home & Kitchen,Cookware Set,Category Page,18.3,Added,Not Purchased,0,299,0,0,17.77,Not Applicable,
CUST0076,30-06-2026,53,Female,Visakhapatnam,Desktop,Facebook,Summer Sale,Electronics,Laptop Bag,Product Page,11.5,Not Added,Not Purchased,0,7999,0,0,20.15,Not Applicable,
CUST0077,22-02-2026,47,Female,Vijayawada,Mobile,Email,No Campaign,Electronics,Wireless Earbuds,Cart Page,13.2,Added,Not Purchased,0,1999,0,0,20.19,Not Applicable,
CUST0078,12-07-2026,31,Male,Visakhapatnam,Desktop,Google,Flash Sale,Sports,Yoga Mat,Product Page,11.7,Not Added,Not Purchased,0,499,0,0,61.84,Not Applicable,
CUST0079,21-06-2026,35,Female,Visakhapatnam,Desktop,Instagram,Festive Sale,Beauty,Face Wash,Category Page,16.8,Added,Purchased,2,1299,150,2448,58.3,Credit Card,4
CUST0080,22-07-2026,42,Other,Hyderabad,Mobile,Google,Summer Sale,Sports,Gym Gloves,Product Page,18.2,Not Added,Not Purchased,0,999,0,0,71.32,Not Applicable,
CUST0081,17-05-2026,55,Female,Mumbai,Mobile,Instagram,New Customer,Grocery,Coffee,Checkout Page,2,Added,Not Purchased,0,4999,0,0,41.1,Not Applicable,
CUST0082,04-08-2026,49,Female,Delhi,Desktop,Email,Weekend Offer,Sports,Cricket Bat,Checkout Page,10.8,Added,Purchased,3,7999,200,23797,36.83,Net Banking,3
CUST0083,24-05-2026,33,Male,Bengaluru,Desktop,Google,Festive Sale,Electronics,Laptop Bag,Category Page,1.2,Added,Not Purchased,0,499,0,0,102.13,Not Applicable,
CUST0084,19-07-2026,44,Male,Vijayawada,Mobile,Instagram,Flash Sale,Books,Business Book,Cart Page,11,Not Added,Not Purchased,0,1299,0,0,57.49,Not Applicable,
CUST0085,15-08-2026,53,Female,Karimnagar,Mobile,Direct,New Customer,Fashion,Jeans,Checkout Page,6.1,Added,Purchased,3,299,150,747,1.03,Wallet,3.5
CUST0086,19-03-2026,46,Other,Mumbai,Mobile,YouTube,No Campaign,Grocery,Coffee,Product Page,14.2,Not Added,Not Purchased,0,699,0,0,64.38,Not Applicable,
CUST0087,06-03-2026,46,Male,Visakhapatnam,Mobile,Direct,New Customer,Fashion,Kurti,Cart Page,2.4,Not Added,Not Purchased,0,1999,0,0,9.22,Not Applicable,
CUST0088,21-03-2026,49,Male,Vijayawada,Desktop,YouTube,Summer Sale,Home & Kitchen,Water Bottle,Product Page,6.4,Added,Purchased,2,1299,500,2098,92.72,Cash on Delivery,3
CUST0089,30-03-2026,33,Female,Nizamabad,Mobile,Instagram,Summer Sale,Home & Kitchen,Storage Box,Cart Page,12.9,Added,Purchased,3,1499,50,4447,41.45,Debit Card,3.5
CUST0090,19-01-2026,43,Female,Karimnagar,Mobile,Direct,No Campaign,Electronics,Wireless Earbuds,Category Page,15.1,Not Added,Not Purchased,0,7999,0,0,6.2,Not Applicable,
CUST0091,09-07-2026,46,Other,Chennai,Mobile,Google,Weekend Offer,Beauty,Moisturizer,Category Page,17.9,Added,Not Purchased,0,1999,0,0,116.8,Not Applicable,
CUST0092,17-05-2026,21,Other,Warangal,Mobile,YouTube,Weekend Offer,Home & Kitchen,Bedsheet,Cart Page,3.3,Added,Purchased,1,2499,150,2349,144.94,Credit Card,4
CUST0093,24-06-2026,22,Male,Bengaluru,Mobile,Instagram,Diwali Sale,Electronics,Power Bank,Category Page,11.9,Added,Purchased,1,2999,300,2699,94.51,Wallet,5
CUST0094,12-03-2026,51,Male,Nizamabad,Tablet,Facebook,Festive Sale,Books,Exam Guide,Product Page,18.9,Not Added,Not Purchased,0,1999,0,0,90.06,Not Applicable,
CUST0095,09-03-2026,18,Male,Visakhapatnam,Desktop,Google,Weekend Offer,Fashion,Jacket,Product Page,12.6,Added,Purchased,2,7999,150,15848,116.89,Debit Card,4.5
CUST0096,03-08-2026,50,Other,Chennai,Mobile,Instagram,New Customer,Home & Kitchen,Mixer Grinder,Product Page,17.9,Not Added,Not Purchased,0,1999,0,0,86.21,Not Applicable,
CUST0097,26-07-2026,35,Female,Delhi,Mobile,Direct,Festive Sale,Beauty,Moisturizer,Product Page,5.1,Added,Purchased,2,2999,200,5798,9.06,UPI,4.5
CUST0098,14-03-2026,22,Other,Chennai,Mobile,YouTube,Weekend Offer,Grocery,Green Tea,Product Page,4.3,Added,Purchased,1,2999,250,2749,118.67,Cash on Delivery,4.5
CUST0099,04-04-2026,44,Other,Vijayawada,Desktop,Direct,Diwali Sale,Sports,Football,Category Page,7,Added,Not Purchased,0,7999,0,0,3.56,Not Applicable,
CUST0100,11-03-2026,42,Other,Mumbai,Mobile,Direct,Flash Sale,Books,Exam Guide,Category Page,7.4,Not Added,Not Purchased,0,999,0,0,2.69,Not Applicable,
CUST0101,31-07-2026,33,Male,Chennai,Mobile,Facebook,Festive Sale,Electronics,Smart Watch,Home Page,13.2,Added,Not Purchased,0,2499,0,0,37.77,Not Applicable,
CUST0102,18-05-2026,22,Other,Karimnagar,Mobile,Direct,Festive Sale,Books,Python Book,Product Page,18.2,Not Added,Not Purchased,0,4999,0,0,9.29,Not Applicable,
CUST0103,13-07-2026,43,Female,Bengaluru,Mobile,Instagram,Flash Sale,Books,Data Science Book,Product Page,4.3,Not Added,Not Purchased,0,499,0,0,98.42,Not Applicable,
CUST0104,01-03-2026,39,Other,Nizamabad,Mobile,WhatsApp,Diwali Sale,Electronics,Bluetooth Speaker,Product Page,6.8,Added,Not Purchased,0,2999,0,0,27.57,Not Applicable,
CUST0105,14-03-2026,54,Female,Vijayawada,Desktop,WhatsApp,Festive Sale,Fashion,Jeans,Checkout Page,8.5,Added,Not Purchased,0,1499,0,0,30.94,Not Applicable,
CUST0106,11-01-2026,35,Other,Chennai,Desktop,Instagram,Festive Sale,Beauty,Lipstick,Home Page,12.5,Not Added,Not Purchased,0,1499,0,0,52.59,Not Applicable,
CUST0107,13-02-2026,21,Other,Mumbai,Mobile,Direct,Weekend Offer,Grocery,Coffee,Home Page,6.6,Added,Purchased,2,7999,0,15998,1.09,Debit Card,4
CUST0108,01-04-2026,20,Other,Karimnagar,Mobile,Google,New Customer,Electronics,Power Bank,Category Page,14.3,Added,Purchased,1,4999,50,4949,47.86,Debit Card,3
CUST0109,02-01-2026,41,Male,Vijayawada,Mobile,WhatsApp,Summer Sale,Fashion,Jacket,Category Page,17.4,Added,Not Purchased,0,2999,0,0,15.62,Not Applicable,
CUST0110,04-07-2026,25,Male,Visakhapatnam,Desktop,Facebook,Festive Sale,Books,Data Science Book,Checkout Page,9.5,Added,Not Purchased,0,499,0,0,54.49,Not Applicable,
CUST0111,24-02-2026,23,Other,Karimnagar,Mobile,Email,Diwali Sale,Electronics,Wireless Earbuds,Cart Page,18,Not Added,Not Purchased,0,7999,0,0,18.08,Not Applicable,
CUST0112,14-06-2026,33,Male,Visakhapatnam,Desktop,Instagram,Flash Sale,Fashion,Sneakers,Product Page,4.3,Added,Not Purchased,0,1299,0,0,50.72,Not Applicable,
CUST0113,07-01-2026,18,Male,Karimnagar,Desktop,YouTube,Weekend Offer,Electronics,Smart Watch,Category Page,14.7,Added,Not Purchased,0,299,0,0,65.6,Not Applicable,
CUST0114,11-02-2026,32,Other,Karimnagar,Desktop,Email,No Campaign,Home & Kitchen,Mixer Grinder,Product Page,6.9,Added,Not Purchased,0,1999,0,0,28.51,Not Applicable,
CUST0115,19-08-2026,43,Male,Chennai,Tablet,WhatsApp,Diwali Sale,Home & Kitchen,Water Bottle,Cart Page,9.6,Not Added,Not Purchased,0,1999,0,0,14.5,Not Applicable,
CUST0116,02-05-2026,44,Female,Chennai,Mobile,Facebook,Flash Sale,Books,Python Book,Product Page,15.2,Not Added,Not Purchased,0,4999,0,0,59.51,Not Applicable,
CUST0117,19-08-2026,49,Other,Delhi,Desktop,Instagram,Festive Sale,Grocery,Dry Fruits,Category Page,11.5,Not Added,Not Purchased,0,499,0,0,95.86,Not Applicable,
CUST0118,13-02-2026,19,Female,Bengaluru,Desktop,Instagram,Weekend Offer,Home & Kitchen,Mixer Grinder,Checkout Page,5.7,Added,Purchased,2,299,0,598,72.53,Cash on Delivery,3
CUST0119,22-08-2026,45,Male,Delhi,Mobile,Facebook,Flash Sale,Electronics,Power Bank,Home Page,5.9,Not Added,Not Purchased,0,7999,0,0,88.07,Not Applicable,
CUST0120,11-02-2026,46,Female,Warangal,Desktop,Direct,Flash Sale,Grocery,Snacks Pack,Category Page,18.6,Added,Purchased,2,2999,500,5498,9.8,Credit Card,4.5
CUST0121,02-07-2026,51,Female,Karimnagar,Mobile,Direct,Flash Sale,Sports,Gym Gloves,Home Page,12.2,Added,Not Purchased,0,699,0,0,1.15,Not Applicable,
CUST0122,06-01-2026,48,Male,Vijayawada,Tablet,Email,New Customer,Grocery,Dry Fruits,Category Page,12.4,Added,Not Purchased,0,2999,0,0,36.89,Not Applicable,
CUST0123,15-05-2026,34,Other,Nizamabad,Desktop,Google,Weekend Offer,Books,Novel,Product Page,7.8,Added,Not Purchased,0,2499,0,0,51.71,Not Applicable,
CUST0124,28-05-2026,50,Female,Nizamabad,Desktop,WhatsApp,New Customer,Books,Data Science Book,Checkout Page,9.9,Added,Not Purchased,0,1299,0,0,12.2,Not Applicable,
CUST0125,02-07-2026,54,Male,Delhi,Mobile,Facebook,Diwali Sale,Fashion,Sneakers,Category Page,2.6,Added,Not Purchased,0,2499,0,0,25.64,Not Applicable,
CUST0126,10-08-2026,28,Other,Warangal,Mobile,Instagram,Festive Sale,Fashion,Jeans,Cart Page,19,Added,Purchased,1,999,250,749,68.06,Cash on Delivery,3
CUST0127,05-08-2026,53,Female,Bengaluru,Mobile,Facebook,Weekend Offer,Fashion,Jacket,Category Page,1.4,Added,Purchased,3,299,50,847,39.86,Credit Card,4
CUST0128,15-03-2026,45,Female,Hyderabad,Mobile,YouTube,Weekend Offer,Home & Kitchen,Storage Box,Cart Page,11.2,Added,Not Purchased,0,2999,0,0,111,Not Applicable,
CUST0129,09-07-2026,39,Other,Chennai,Desktop,Direct,Diwali Sale,Electronics,Bluetooth Speaker,Home Page,10,Added,Not Purchased,0,4999,0,0,4.92,Not Applicable,
CUST0130,12-04-2026,46,Male,Hyderabad,Desktop,Direct,Summer Sale,Grocery,Coffee,Product Page,3.5,Added,Not Purchased,0,1499,0,0,8.85,Not Applicable,
CUST0131,08-07-2026,29,Male,Warangal,Mobile,YouTube,Flash Sale,Sports,Yoga Mat,Category Page,19.4,Added,Purchased,2,499,500,498,132.19,Wallet,4.5
CUST0132,07-06-2026,44,Other,Visakhapatnam,Mobile,Direct,No Campaign,Electronics,Power Bank,Checkout Page,13.8,Added,Not Purchased,0,4999,0,0,2.31,Not Applicable,
CUST0133,08-04-2026,31,Male,Nizamabad,Mobile,Email,No Campaign,Electronics,Power Bank,Cart Page,19.9,Added,Not Purchased,0,299,0,0,37.7,Not Applicable,
CUST0134,30-05-2026,49,Male,Mumbai,Tablet,WhatsApp,Diwali Sale,Electronics,Bluetooth Speaker,Category Page,14.4,Added,Not Purchased,0,499,0,0,7.03,Not Applicable,
CUST0135,29-07-2026,38,Other,Chennai,Mobile,Email,Diwali Sale,Grocery,Organic Rice,Checkout Page,4.9,Added,Not Purchased,0,299,0,0,25.59,Not Applicable,
CUST0136,01-02-2026,23,Male,Mumbai,Mobile,WhatsApp,Flash Sale,Books,Data Science Book,Category Page,12.8,Not Added,Not Purchased,0,1499,0,0,8.03,Not Applicable,
CUST0137,08-01-2026,22,Female,Bengaluru,Desktop,Email,Flash Sale,Electronics,Bluetooth Speaker,Product Page,12.9,Added,Not Purchased,0,2499,0,0,30,Not Applicable,
CUST0138,01-05-2026,31,Male,Warangal,Mobile,WhatsApp,Festive Sale,Grocery,Snacks Pack,Category Page,15.3,Added,Purchased,3,299,500,397,10.83,Wallet,3.5
CUST0139,14-06-2026,31,Other,Nizamabad,Mobile,Direct,Summer Sale,Home & Kitchen,Storage Box,Product Page,10.5,Added,Purchased,3,7999,300,23697,8.2,Debit Card,5
CUST0140,30-07-2026,38,Male,Chennai,Desktop,Facebook,Diwali Sale,Beauty,Face Wash,Checkout Page,10.7,Added,Purchased,3,1299,300,3597,90.33,Wallet,4
CUST0141,14-07-2026,28,Female,Hyderabad,Desktop,WhatsApp,New Customer,Home & Kitchen,Cookware Set,Product Page,5.5,Added,Purchased,2,1499,200,2798,10.61,Cash on Delivery,4.5
CUST0142,08-05-2026,35,Female,Vijayawada,Tablet,WhatsApp,Weekend Offer,Electronics,Wireless Earbuds,Cart Page,16.1,Added,Purchased,3,299,250,647,13.64,Wallet,3.5
CUST0143,06-02-2026,55,Male,Warangal,Desktop,Google,Summer Sale,Books,Exam Guide,Home Page,5.8,Not Added,Not Purchased,0,1499,0,0,88.33,Not Applicable,
CUST0144,21-03-2026,27,Male,Nizamabad,Desktop,WhatsApp,Weekend Offer,Home & Kitchen,Cookware Set,Cart Page,3.1,Not Added,Not Purchased,0,2999,0,0,15.21,Not Applicable,
CUST0145,22-04-2026,18,Female,Hyderabad,Mobile,Facebook,Flash Sale,Fashion,Kurti,Product Page,14.2,Not Added,Not Purchased,0,2999,0,0,80.37,Not Applicable,
CUST0146,17-03-2026,22,Female,Chennai,Mobile,Email,Summer Sale,Fashion,T-Shirt,Cart Page,2.7,Added,Not Purchased,0,1299,0,0,13.66,Not Applicable,
CUST0147,13-04-2026,28,Female,Hyderabad,Mobile,Google,No Campaign,Beauty,Lipstick,Home Page,4.4,Not Added,Not Purchased,0,7999,0,0,105.07,Not Applicable,
CUST0148,25-04-2026,34,Female,Delhi,Mobile,Email,Summer Sale,Beauty,Face Wash,Product Page,7.1,Added,Not Purchased,0,7999,0,0,15.87,Not Applicable,
CUST0149,10-03-2026,32,Other,Mumbai,Mobile,WhatsApp,No Campaign,Fashion,Jacket,Category Page,12.3,Added,Not Purchased,0,1999,0,0,12.57,Not Applicable,
CUST0150,16-05-2026,39,Male,Delhi,Mobile,WhatsApp,No Campaign,Books,Novel,Product Page,17.2,Not Added,Not Purchased,0,4999,0,0,33.78,Not Applicable,
CUST0151,28-06-2026,32,Other,Chennai,Mobile,Facebook,Diwali Sale,Beauty,Shampoo,Product Page,9.3,Not Added,Not Purchased,0,1499,0,0,58.05,Not Applicable,
CUST0152,15-08-2026,52,Other,Delhi,Mobile,Direct,Summer Sale,Grocery,Organic Rice,Category Page,18.5,Added,Not Purchased,0,7999,0,0,1.27,Not Applicable,
CUST0153,06-08-2026,48,Female,Warangal,Desktop,Instagram,New Customer,Sports,Cricket Bat,Category Page,8.7,Added,Not Purchased,0,999,0,0,29.84,Not Applicable,
CUST0154,27-07-2026,35,Other,Vijayawada,Desktop,WhatsApp,Festive Sale,Sports,Yoga Mat,Product Page,1.3,Not Added,Not Purchased,0,1999,0,0,26.41,Not Applicable,
CUST0155,04-05-2026,26,Male,Warangal,Desktop,Direct,No Campaign,Electronics,Smart Watch,Cart Page,9.3,Not Added,Not Purchased,0,1999,0,0,1.31,Not Applicable,
CUST0156,21-02-2026,46,Other,Warangal,Desktop,Instagram,Diwali Sale,Home & Kitchen,Bedsheet,Checkout Page,4.4,Added,Not Purchased,0,7999,0,0,33.03,Not Applicable,
CUST0157,27-01-2026,41,Male,Hyderabad,Desktop,WhatsApp,Summer Sale,Electronics,Bluetooth Speaker,Checkout Page,17.1,Added,Purchased,3,999,200,2797,31.64,Wallet,4.5
CUST0158,08-08-2026,24,Other,Delhi,Tablet,Google,No Campaign,Beauty,Lipstick,Home Page,9.2,Not Added,Not Purchased,0,499,0,0,80.6,Not Applicable,
CUST0159,16-07-2026,36,Other,Bengaluru,Mobile,Google,Flash Sale,Fashion,Jacket,Cart Page,2,Added,Not Purchased,0,1499,0,0,26.03,Not Applicable,
CUST0160,15-07-2026,23,Male,Vijayawada,Tablet,WhatsApp,Flash Sale,Sports,Cricket Bat,Cart Page,18.6,Added,Not Purchased,0,2499,0,0,21.59,Not Applicable,
CUST0161,16-07-2026,47,Female,Chennai,Mobile,Google,Festive Sale,Fashion,T-Shirt,Product Page,12.3,Added,Purchased,1,499,500,0,96.33,Net Banking,5
CUST0162,14-02-2026,49,Female,Karimnagar,Mobile,Instagram,New Customer,Beauty,Moisturizer,Category Page,2.6,Not Added,Not Purchased,0,7999,0,0,21.33,Not Applicable,
CUST0163,07-02-2026,32,Other,Warangal,Desktop,Direct,Festive Sale,Home & Kitchen,Storage Box,Home Page,17,Added,Purchased,3,1999,100,5897,6.64,Credit Card,4.5
CUST0164,17-01-2026,37,Female,Visakhapatnam,Desktop,Direct,New Customer,Home & Kitchen,Cookware Set,Category Page,4.8,Added,Not Purchased,0,1499,0,0,5.83,Not Applicable,
CUST0165,23-03-2026,48,Male,Delhi,Desktop,Facebook,No Campaign,Sports,Skipping Rope,Category Page,16.9,Added,Purchased,2,299,0,598,102.57,Credit Card,5
CUST0166,31-03-2026,37,Female,Warangal,Mobile,Direct,No Campaign,Electronics,Smart Watch,Product Page,6.7,Added,Purchased,2,299,250,348,8.87,Net Banking,4
CUST0167,19-03-2026,41,Other,Delhi,Mobile,Facebook,Diwali Sale,Grocery,Snacks Pack,Cart Page,6.9,Not Added,Not Purchased,0,2499,0,0,52.26,Not Applicable,
CUST0168,26-07-2026,44,Male,Vijayawada,Tablet,Direct,No Campaign,Grocery,Snacks Pack,Cart Page,5.6,Added,Purchased,2,2999,500,5498,0.66,Wallet,3.5
CUST0169,25-04-2026,47,Male,Mumbai,Mobile,Facebook,Diwali Sale,Books,Data Science Book,Category Page,15.2,Not Added,Not Purchased,0,4999,0,0,22.75,Not Applicable,
CUST0170,20-01-2026,35,Female,Visakhapatnam,Desktop,WhatsApp,Diwali Sale,Fashion,Sneakers,Checkout Page,11.6,Added,Not Purchased,0,299,0,0,26.6,Not Applicable,
CUST0171,22-04-2026,24,Female,Mumbai,Mobile,Google,Summer Sale,Electronics,Smart Watch,Checkout Page,12.2,Added,Not Purchased,0,2999,0,0,90.41,Not Applicable,
CUST0172,05-08-2026,55,Male,Delhi,Desktop,Instagram,Festive Sale,Sports,Cricket Bat,Cart Page,6.7,Added,Purchased,3,7999,500,23497,41.97,Debit Card,4.5
CUST0173,18-03-2026,22,Female,Delhi,Mobile,YouTube,Diwali Sale,Beauty,Sunscreen,Category Page,1.2,Not Added,Not Purchased,0,999,0,0,72.45,Not Applicable,
CUST0174,01-05-2026,24,Other,Chennai,Mobile,Facebook,Summer Sale,Home & Kitchen,Storage Box,Product Page,4.1,Added,Not Purchased,0,7999,0,0,73.97,Not Applicable,
CUST0175,09-08-2026,46,Other,Delhi,Desktop,Direct,Summer Sale,Electronics,Smart Watch,Checkout Page,3,Added,Purchased,1,999,150,849,1.88,Cash on Delivery,3
CUST0176,11-07-2026,42,Female,Vijayawada,Desktop,Google,Festive Sale,Books,Novel,Cart Page,15.3,Added,Not Purchased,0,2999,0,0,91.25,Not Applicable,
CUST0177,21-04-2026,31,Male,Nizamabad,Mobile,Email,No Campaign,Electronics,Smart Watch,Product Page,14.9,Not Added,Not Purchased,0,1999,0,0,10.15,Not Applicable,
CUST0178,28-05-2026,43,Female,Chennai,Mobile,Google,Diwali Sale,Beauty,Face Wash,Cart Page,1.3,Added,Purchased,1,299,250,49,57.24,Debit Card,4.5
CUST0179,25-08-2026,32,Male,Nizamabad,Desktop,YouTube,Flash Sale,Books,Business Book,Checkout Page,8,Added,Not Purchased,0,4999,0,0,116.15,Not Applicable,
CUST0180,09-05-2026,26,Other,Warangal,Mobile,WhatsApp,New Customer,Fashion,Jacket,Home Page,3.2,Added,Purchased,2,699,200,1198,25.39,Debit Card,5
CUST0181,15-05-2026,35,Female,Delhi,Mobile,Direct,No Campaign,Electronics,Wireless Earbuds,Cart Page,1.6,Added,Not Purchased,0,299,0,0,3.49,Not Applicable,
CUST0182,26-06-2026,47,Other,Delhi,Mobile,Direct,Flash Sale,Sports,Football,Checkout Page,4.5,Added,Purchased,2,1999,100,3898,6.66,Cash on Delivery,3
CUST0183,15-03-2026,23,Male,Nizamabad,Mobile,Instagram,Weekend Offer,Sports,Yoga Mat,Home Page,7.6,Not Added,Not Purchased,0,999,0,0,53.37,Not Applicable,
CUST0184,08-04-2026,44,Other,Chennai,Mobile,YouTube,New Customer,Books,Exam Guide,Home Page,5.8,Not Added,Not Purchased,0,699,0,0,106.63,Not Applicable,
CUST0185,30-03-2026,26,Female,Nizamabad,Tablet,Facebook,Summer Sale,Home & Kitchen,Mixer Grinder,Product Page,19.7,Added,Not Purchased,0,499,0,0,49.49,Not Applicable,
CUST0186,30-01-2026,48,Male,Vijayawada,Desktop,Email,Festive Sale,Fashion,Jacket,Product Page,2.6,Added,Purchased,1,1499,0,1499,21.94,Debit Card,3.5
CUST0187,23-03-2026,19,Other,Karimnagar,Mobile,Email,Festive Sale,Home & Kitchen,Cookware Set,Product Page,17.7,Added,Not Purchased,0,299,0,0,15.17,Not Applicable,
CUST0188,06-05-2026,19,Other,Warangal,Mobile,Facebook,Diwali Sale,Sports,Gym Gloves,Category Page,16,Not Added,Not Purchased,0,2999,0,0,105.17,Not Applicable,
CUST0189,05-04-2026,40,Other,Karimnagar,Mobile,WhatsApp,Summer Sale,Home & Kitchen,Cookware Set,Cart Page,7.5,Added,Not Purchased,0,499,0,0,26.26,Not Applicable,
CUST0190,01-07-2026,24,Male,Warangal,Mobile,Google,Festive Sale,Grocery,Organic Rice,Checkout Page,17.2,Added,Not Purchased,0,4999,0,0,63.65,Not Applicable,
CUST0191,06-03-2026,24,Male,Chennai,Desktop,Facebook,Flash Sale,Sports,Skipping Rope,Checkout Page,1.2,Added,Purchased,1,999,0,999,30.03,Wallet,4
CUST0192,14-01-2026,34,Other,Delhi,Desktop,Instagram,Weekend Offer,Beauty,Face Wash,Product Page,16.8,Not Added,Not Purchased,0,1299,0,0,73.59,Not Applicable,
CUST0193,15-05-2026,28,Other,Hyderabad,Tablet,Direct,Summer Sale,Books,Exam Guide,Category Page,15.9,Added,Not Purchased,0,4999,0,0,5.43,Not Applicable,
CUST0194,04-02-2026,55,Female,Chennai,Desktop,Google,Summer Sale,Sports,Gym Gloves,Category Page,18.9,Added,Not Purchased,0,999,0,0,105.26,Not Applicable,
CUST0195,13-07-2026,33,Female,Mumbai,Desktop,Instagram,New Customer,Fashion,Kurti,Product Page,18.5,Added,Purchased,2,999,300,1698,32.42,Cash on Delivery,4.5
CUST0196,01-08-2026,39,Other,Bengaluru,Mobile,Email,New Customer,Sports,Yoga Mat,Cart Page,17.9,Not Added,Not Purchased,0,699,0,0,11.11,Not Applicable,
CUST0197,02-04-2026,35,Male,Karimnagar,Desktop,Email,No Campaign,Sports,Football,Cart Page,6.2,Not Added,Not Purchased,0,2999,0,0,30.62,Not Applicable,
CUST0198,26-02-2026,43,Male,Mumbai,Desktop,Direct,Weekend Offer,Grocery,Dry Fruits,Product Page,18.7,Added,Purchased,1,1999,200,1799,4.94,Credit Card,4.5
CUST0199,10-04-2026,49,Female,Nizamabad,Desktop,Email,Summer Sale,Sports,Cricket Bat,Cart Page,7.9,Not Added,Not Purchased,0,2499,0,0,6.83,Not Applicable,
CUST0200,23-03-2026,28,Other,Karimnagar,Desktop,YouTube,No Campaign,Sports,Football,Cart Page,3,Added,Not Purchased,0,7999,0,0,89.01,Not Applicable,
CUST0201,07-03-2026,32,Male,Visakhapatnam,Desktop,Direct,New Customer,Electronics,Power Bank,Product Page,18.7,Added,Purchased,2,2499,500,4498,1,Credit Card,4
CUST0202,08-06-2026,30,Male,Bengaluru,Mobile,Google,Weekend Offer,Fashion,T-Shirt,Product Page,11,Added,Not Purchased,0,699,0,0,41.86,Not Applicable,
CUST0203,27-04-2026,54,Other,Hyderabad,Mobile,YouTube,New Customer,Electronics,Smart Watch,Product Page,8.6,Added,Purchased,1,999,100,899,31.5,Cash on Delivery,3.5
CUST0204,26-06-2026,18,Other,Bengaluru,Desktop,Facebook,Festive Sale,Books,Business Book,Product Page,6.4,Added,Not Purchased,0,2999,0,0,49.18,Not Applicable,
CUST0205,06-05-2026,52,Other,Hyderabad,Mobile,Instagram,Diwali Sale,Beauty,Sunscreen,Product Page,13.4,Added,Not Purchased,0,1299,0,0,57.02,Not Applicable,
CUST0206,25-04-2026,40,Female,Visakhapatnam,Desktop,Instagram,Festive Sale,Sports,Cricket Bat,Home Page,19.6,Added,Purchased,2,1499,250,2748,43.19,Wallet,5
CUST0207,02-05-2026,41,Female,Vijayawada,Mobile,YouTube,Diwali Sale,Grocery,Dry Fruits,Cart Page,18.7,Added,Not Purchased,0,7999,0,0,146.7,Not Applicable,
CUST0208,13-03-2026,27,Other,Delhi,Desktop,Google,Diwali Sale,Beauty,Sunscreen,Product Page,7.5,Added,Purchased,1,2499,500,1999,125.87,Debit Card,5
CUST0209,02-03-2026,23,Male,Visakhapatnam,Mobile,Instagram,Summer Sale,Books,Python Book,Home Page,8.2,Not Added,Not Purchased,0,1999,0,0,23.25,Not Applicable,
CUST0210,04-02-2026,42,Male,Mumbai,Tablet,Email,Festive Sale,Beauty,Shampoo,Cart Page,15.4,Not Added,Not Purchased,0,999,0,0,27.33,Not Applicable,
CUST0211,20-04-2026,44,Male,Mumbai,Mobile,Direct,Summer Sale,Grocery,Snacks Pack,Product Page,18.6,Not Added,Not Purchased,0,1499,0,0,0.57,Not Applicable,
CUST0212,26-03-2026,29,Female,Karimnagar,Mobile,WhatsApp,New Customer,Beauty,Face Wash,Category Page,15.9,Not Added,Not Purchased,0,299,0,0,23.92,Not Applicable,
CUST0213,16-02-2026,34,Female,Delhi,Desktop,Google,Summer Sale,Home & Kitchen,Cookware Set,Product Page,8.2,Added,Not Purchased,0,7999,0,0,43.55,Not Applicable,
CUST0214,23-03-2026,23,Male,Hyderabad,Mobile,WhatsApp,Flash Sale,Grocery,Organic Rice,Category Page,14.8,Added,Not Purchased,0,499,0,0,17.94,Not Applicable,
CUST0215,18-01-2026,22,Other,Warangal,Tablet,Instagram,No Campaign,Beauty,Shampoo,Category Page,19.4,Added,Purchased,2,4999,100,9898,44.95,Cash on Delivery,5
CUST0216,07-05-2026,45,Female,Visakhapatnam,Desktop,Facebook,Flash Sale,Fashion,Jeans,Category Page,12.4,Added,Not Purchased,0,4999,0,0,94.84,Not Applicable,
CUST0217,25-01-2026,19,Male,Nizamabad,Mobile,Email,No Campaign,Beauty,Shampoo,Category Page,7.4,Added,Purchased,3,2499,300,7197,16.15,Debit Card,3
CUST0218,12-07-2026,19,Other,Vijayawada,Desktop,WhatsApp,Flash Sale,Grocery,Snacks Pack,Cart Page,12.6,Added,Purchased,1,999,100,899,17.21,UPI,3.5
CUST0219,12-01-2026,47,Male,Warangal,Mobile,WhatsApp,Diwali Sale,Electronics,Wireless Earbuds,Category Page,14.9,Added,Not Purchased,0,1499,0,0,34.21,Not Applicable,
CUST0220,31-03-2026,49,Other,Delhi,Desktop,Instagram,Festive Sale,Grocery,Dry Fruits,Home Page,19,Not Added,Not Purchased,0,699,0,0,92.39,Not Applicable,
CUST0221,16-07-2026,30,Other,Delhi,Mobile,Facebook,Festive Sale,Beauty,Face Wash,Product Page,14.8,Added,Purchased,3,499,100,1397,45.31,Wallet,4.5
CUST0222,23-01-2026,19,Female,Delhi,Mobile,Instagram,No Campaign,Books,Data Science Book,Category Page,6.4,Not Added,Not Purchased,0,999,0,0,76.36,Not Applicable,
CUST0223,11-07-2026,38,Male,Vijayawada,Mobile,Email,Weekend Offer,Beauty,Shampoo,Cart Page,9.5,Not Added,Not Purchased,0,4999,0,0,21.72,Not Applicable,
CUST0224,08-02-2026,47,Other,Nizamabad,Mobile,Instagram,Festive Sale,Grocery,Organic Rice,Home Page,3.5,Added,Not Purchased,0,2999,0,0,60.09,Not Applicable,
CUST0225,29-07-2026,33,Male,Bengaluru,Mobile,Email,Weekend Offer,Electronics,Power Bank,Product Page,2.6,Added,Not Purchased,0,299,0,0,28.36,Not Applicable,
CUST0226,01-02-2026,45,Other,Hyderabad,Mobile,Instagram,Summer Sale,Grocery,Green Tea,Checkout Page,7.2,Added,Not Purchased,0,299,0,0,56.51,Not Applicable,
CUST0227,02-08-2026,20,Other,Delhi,Mobile,Direct,New Customer,Sports,Yoga Mat,Category Page,2.6,Not Added,Not Purchased,0,1499,0,0,2.78,Not Applicable,
CUST0228,08-06-2026,21,Other,Mumbai,Mobile,YouTube,No Campaign,Fashion,Kurti,Cart Page,14.7,Added,Not Purchased,0,1299,0,0,133.6,Not Applicable,
CUST0229,15-03-2026,25,Male,Karimnagar,Mobile,Google,Weekend Offer,Grocery,Green Tea,Category Page,3,Added,Purchased,1,7999,300,7699,85.6,UPI,4
CUST0230,31-07-2026,19,Female,Mumbai,Mobile,Email,Weekend Offer,Electronics,Bluetooth Speaker,Product Page,18.6,Added,Not Purchased,0,7999,0,0,22.12,Not Applicable,
CUST0231,04-08-2026,43,Male,Warangal,Mobile,Facebook,No Campaign,Sports,Football,Checkout Page,11.5,Added,Not Purchased,0,999,0,0,31.53,Not Applicable,
CUST0232,13-03-2026,21,Male,Hyderabad,Mobile,Instagram,No Campaign,Sports,Football,Product Page,4.5,Added,Not Purchased,0,1299,0,0,39.84,Not Applicable,
CUST0233,12-04-2026,49,Male,Visakhapatnam,Mobile,YouTube,Diwali Sale,Fashion,Jeans,Cart Page,12.7,Not Added,Not Purchased,0,999,0,0,103.92,Not Applicable,
CUST0234,10-01-2026,28,Other,Visakhapatnam,Desktop,Direct,No Campaign,Books,Data Science Book,Product Page,3.3,Not Added,Not Purchased,0,1299,0,0,5.73,Not Applicable,
CUST0235,07-02-2026,54,Female,Nizamabad,Tablet,Facebook,Festive Sale,Grocery,Green Tea,Category Page,5.8,Added,Not Purchased,0,499,0,0,61.4,Not Applicable,
CUST0236,29-01-2026,38,Male,Chennai,Mobile,Facebook,Weekend Offer,Grocery,Snacks Pack,Cart Page,10.6,Not Added,Not Purchased,0,499,0,0,22.8,Not Applicable,
CUST0237,27-01-2026,20,Other,Delhi,Tablet,Email,Festive Sale,Sports,Skipping Rope,Product Page,8.5,Added,Not Purchased,0,999,0,0,18.02,Not Applicable,
CUST0238,18-04-2026,54,Other,Hyderabad,Desktop,WhatsApp,Diwali Sale,Grocery,Organic Rice,Category Page,13.3,Added,Not Purchased,0,7999,0,0,9.82,Not Applicable,
CUST0239,18-07-2026,23,Other,Mumbai,Mobile,Google,New Customer,Sports,Yoga Mat,Product Page,6.7,Added,Purchased,2,699,150,1248,75.02,Net Banking,4.5
CUST0240,15-06-2026,18,Female,Hyderabad,Desktop,Instagram,Weekend Offer,Fashion,Kurti,Cart Page,2.7,Not Added,Not Purchased,0,1499,0,0,55.86,Not Applicable,
CUST0241,30-01-2026,41,Female,Visakhapatnam,Mobile,Google,Flash Sale,Electronics,Power Bank,Category Page,2.3,Not Added,Not Purchased,0,7999,0,0,122.83,Not Applicable,
CUST0242,02-08-2026,54,Female,Delhi,Desktop,WhatsApp,Diwali Sale,Grocery,Snacks Pack,Checkout Page,12.2,Added,Purchased,3,1999,300,5697,10.65,Cash on Delivery,5
CUST0243,06-06-2026,31,Other,Warangal,Desktop,Facebook,New Customer,Sports,Cricket Bat,Category Page,9.7,Added,Purchased,2,2499,0,4998,28.02,Wallet,3.5
CUST0244,16-07-2026,46,Other,Bengaluru,Mobile,Direct,Summer Sale,Fashion,Jacket,Category Page,17.8,Not Added,Not Purchased,0,4999,0,0,9.9,Not Applicable,
CUST0245,15-02-2026,46,Female,Nizamabad,Desktop,Facebook,No Campaign,Sports,Yoga Mat,Home Page,1.1,Not Added,Not Purchased,0,1999,0,0,68.64,Not Applicable,
CUST0246,28-03-2026,19,Male,Karimnagar,Mobile,WhatsApp,Weekend Offer,Sports,Gym Gloves,Home Page,10.1,Added,Not Purchased,0,7999,0,0,28.02,Not Applicable,
CUST0247,29-06-2026,46,Other,Hyderabad,Mobile,YouTube,No Campaign,Grocery,Organic Rice,Checkout Page,7.6,Added,Not Purchased,0,999,0,0,54.92,Not Applicable,
CUST0248,08-06-2026,40,Other,Karimnagar,Mobile,Google,New Customer,Grocery,Dry Fruits,Product Page,7.9,Added,Purchased,3,699,250,1847,60.3,Wallet,3.5
CUST0249,13-02-2026,22,Female,Hyderabad,Mobile,Instagram,No Campaign,Home & Kitchen,Bedsheet,Category Page,17.9,Added,Not Purchased,0,499,0,0,77.65,Not Applicable,
CUST0250,20-03-2026,22,Male,Hyderabad,Mobile,Google,Weekend Offer,Electronics,Power Bank,Category Page,5.9,Added,Purchased,1,1299,100,1199,132.87,Net Banking,3
CUST0251,06-08-2026,36,Female,Delhi,Mobile,WhatsApp,Diwali Sale,Grocery,Organic Rice,Product Page,10.4,Added,Not Purchased,0,1999,0,0,7.83,Not Applicable,
CUST0252,02-07-2026,45,Other,Bengaluru,Mobile,WhatsApp,Summer Sale,Electronics,Bluetooth Speaker,Product Page,8.8,Not Added,Not Purchased,0,2499,0,0,7.43,Not Applicable,
CUST0253,30-07-2026,23,Other,Vijayawada,Mobile,WhatsApp,Festive Sale,Electronics,Wireless Earbuds,Cart Page,17,Not Added,Not Purchased,0,1999,0,0,31.26,Not Applicable,
CUST0254,21-02-2026,35,Other,Vijayawada,Desktop,Google,Diwali Sale,Sports,Football,Home Page,18.9,Not Added,Not Purchased,0,699,0,0,92.84,Not Applicable,
CUST0255,20-07-2026,28,Other,Chennai,Mobile,Instagram,No Campaign,Books,Novel,Product Page,16,Not Added,Not Purchased,0,999,0,0,37.75,Not Applicable,
CUST0256,23-01-2026,27,Male,Nizamabad,Desktop,WhatsApp,Diwali Sale,Books,Exam Guide,Home Page,11.7,Added,Not Purchased,0,4999,0,0,31.14,Not Applicable,
CUST0257,28-06-2026,30,Male,Nizamabad,Mobile,Facebook,New Customer,Books,Novel,Cart Page,8.7,Added,Not Purchased,0,2999,0,0,95.01,Not Applicable,
CUST0258,08-07-2026,28,Other,Karimnagar,Desktop,Facebook,Summer Sale,Beauty,Moisturizer,Cart Page,4.3,Not Added,Not Purchased,0,1299,0,0,70.64,Not Applicable,
CUST0259,04-03-2026,54,Other,Warangal,Desktop,Google,Diwali Sale,Grocery,Organic Rice,Cart Page,10.8,Added,Not Purchased,0,999,0,0,36.86,Not Applicable,
CUST0260,28-01-2026,49,Male,Warangal,Mobile,Facebook,Diwali Sale,Grocery,Green Tea,Product Page,3.6,Added,Not Purchased,0,2499,0,0,67.51,Not Applicable,
CUST0261,03-07-2026,32,Male,Visakhapatnam,Mobile,WhatsApp,Summer Sale,Books,Novel,Cart Page,5.8,Added,Not Purchased,0,499,0,0,7.1,Not Applicable,
CUST0262,01-03-2026,29,Other,Karimnagar,Tablet,Instagram,Summer Sale,Books,Exam Guide,Home Page,3.8,Not Added,Not Purchased,0,299,0,0,53.12,Not Applicable,
CUST0263,17-08-2026,33,Male,Karimnagar,Mobile,Instagram,Summer Sale,Home & Kitchen,Bedsheet,Product Page,16.6,Not Added,Not Purchased,0,699,0,0,68.81,Not Applicable,
CUST0264,05-07-2026,29,Female,Delhi,Mobile,Email,New Customer,Fashion,Kurti,Home Page,5.9,Not Added,Not Purchased,0,2999,0,0,15.22,Not Applicable,
CUST0265,16-06-2026,31,Male,Nizamabad,Mobile,Email,New Customer,Electronics,Laptop Bag,Product Page,10.4,Added,Purchased,1,4999,50,4949,39.47,Credit Card,4.5
CUST0266,08-03-2026,47,Female,Visakhapatnam,Desktop,Google,Diwali Sale,Beauty,Shampoo,Product Page,19.8,Not Added,Not Purchased,0,1299,0,0,111.14,Not Applicable,
CUST0267,16-06-2026,35,Other,Visakhapatnam,Desktop,YouTube,Weekend Offer,Sports,Football,Home Page,8,Not Added,Not Purchased,0,299,0,0,103.6,Not Applicable,
CUST0268,25-03-2026,25,Female,Bengaluru,Mobile,Instagram,New Customer,Books,Novel,Category Page,14.7,Not Added,Not Purchased,0,1299,0,0,23.07,Not Applicable,
CUST0269,20-07-2026,53,Other,Chennai,Mobile,Facebook,Weekend Offer,Grocery,Dry Fruits,Product Page,5.9,Added,Not Purchased,0,2499,0,0,60.38,Not Applicable,
CUST0270,07-08-2026,29,Other,Delhi,Tablet,YouTube,Flash Sale,Sports,Yoga Mat,Product Page,1.6,Added,Not Purchased,0,4999,0,0,145.58,Not Applicable,
CUST0271,20-01-2026,19,Male,Vijayawada,Tablet,Instagram,No Campaign,Grocery,Snacks Pack,Product Page,15,Added,Purchased,3,1299,100,3797,32.82,Debit Card,4
CUST0272,06-02-2026,53,Female,Karimnagar,Desktop,Direct,Summer Sale,Electronics,Power Bank,Cart Page,15.8,Added,Not Purchased,0,1299,0,0,6.65,Not Applicable,
CUST0273,17-04-2026,40,Male,Nizamabad,Mobile,Google,Diwali Sale,Beauty,Shampoo,Checkout Page,15.1,Added,Purchased,1,299,500,0,90.85,Debit Card,3.5
CUST0274,11-07-2026,46,Female,Mumbai,Mobile,Facebook,Summer Sale,Beauty,Shampoo,Category Page,5.3,Not Added,Not Purchased,0,1999,0,0,41.32,Not Applicable,
CUST0275,07-04-2026,53,Female,Chennai,Tablet,WhatsApp,Summer Sale,Beauty,Lipstick,Cart Page,16.8,Added,Not Purchased,0,1999,0,0,27.76,Not Applicable,
CUST0276,28-07-2026,49,Other,Visakhapatnam,Mobile,Direct,New Customer,Fashion,Sneakers,Product Page,12.9,Not Added,Not Purchased,0,7999,0,0,1.83,Not Applicable,
CUST0277,25-05-2026,36,Male,Nizamabad,Desktop,Email,Summer Sale,Electronics,Laptop Bag,Category Page,12.5,Not Added,Not Purchased,0,1299,0,0,13.8,Not Applicable,
CUST0278,22-02-2026,38,Male,Visakhapatnam,Desktop,Google,Diwali Sale,Fashion,Jacket,Product Page,10.6,Not Added,Not Purchased,0,2499,0,0,100.9,Not Applicable,
CUST0279,12-06-2026,55,Other,Nizamabad,Mobile,YouTube,Diwali Sale,Home & Kitchen,Storage Box,Cart Page,18.7,Added,Not Purchased,0,2499,0,0,79.26,Not Applicable,
CUST0280,17-07-2026,45,Other,Visakhapatnam,Desktop,Email,Flash Sale,Fashion,Jacket,Checkout Page,8.9,Added,Not Purchased,0,2499,0,0,38.43,Not Applicable,
CUST0281,20-03-2026,38,Other,Mumbai,Mobile,Direct,Flash Sale,Sports,Skipping Rope,Cart Page,2.2,Not Added,Not Purchased,0,1999,0,0,6.22,Not Applicable,
CUST0282,10-07-2026,53,Male,Delhi,Mobile,Google,Festive Sale,Beauty,Shampoo,Checkout Page,11.7,Added,Purchased,2,999,50,1948,32.96,Debit Card,4.5
CUST0283,09-04-2026,26,Male,Hyderabad,Mobile,Email,New Customer,Electronics,Smart Watch,Category Page,9.7,Not Added,Not Purchased,0,699,0,0,35.68,Not Applicable,
CUST0284,19-07-2026,18,Other,Delhi,Desktop,Direct,Weekend Offer,Sports,Gym Gloves,Product Page,13.7,Not Added,Not Purchased,0,1999,0,0,2.88,Not Applicable,
CUST0285,24-04-2026,29,Other,Karimnagar,Desktop,WhatsApp,Flash Sale,Sports,Gym Gloves,Category Page,13.1,Not Added,Not Purchased,0,499,0,0,19.86,Not Applicable,
CUST0286,21-07-2026,32,Male,Vijayawada,Tablet,YouTube,Weekend Offer,Books,Business Book,Cart Page,11.3,Added,Purchased,1,299,250,49,64.89,Debit Card,3.5
CUST0287,19-06-2026,31,Male,Warangal,Desktop,Google,Summer Sale,Electronics,Laptop Bag,Product Page,17.7,Not Added,Not Purchased,0,1999,0,0,132.28,Not Applicable,
CUST0288,28-07-2026,40,Other,Delhi,Mobile,Email,Weekend Offer,Books,Data Science Book,Product Page,10.4,Added,Purchased,2,499,200,798,27.28,Credit Card,5
CUST0289,19-06-2026,22,Other,Warangal,Mobile,Email,Flash Sale,Sports,Yoga Mat,Product Page,10.5,Not Added,Not Purchased,0,2999,0,0,17.56,Not Applicable,
CUST0290,18-06-2026,22,Male,Delhi,Mobile,Instagram,New Customer,Beauty,Lipstick,Checkout Page,6.7,Added,Purchased,3,699,150,1947,84.22,Debit Card,4
CUST0291,16-08-2026,38,Female,Hyderabad,Desktop,Direct,Weekend Offer,Home & Kitchen,Bedsheet,Product Page,12.1,Added,Not Purchased,0,699,0,0,6.3,Not Applicable,
CUST0292,10-06-2026,23,Female,Vijayawada,Mobile,Instagram,New Customer,Books,Data Science Book,Category Page,16.3,Added,Not Purchased,0,299,0,0,24.52,Not Applicable,
CUST0293,05-05-2026,18,Male,Hyderabad,Desktop,Instagram,Weekend Offer,Sports,Yoga Mat,Product Page,10.7,Added,Not Purchased,0,4999,0,0,69.58,Not Applicable,
CUST0294,23-02-2026,34,Female,Karimnagar,Mobile,Direct,No Campaign,Home & Kitchen,Storage Box,Product Page,18.6,Not Added,Not Purchased,0,299,0,0,7.44,Not Applicable,
CUST0295,22-07-2026,27,Male,Karimnagar,Tablet,Instagram,New Customer,Beauty,Face Wash,Product Page,10.3,Added,Not Purchased,0,1499,0,0,25.58,Not Applicable,
CUST0296,03-03-2026,35,Male,Vijayawada,Mobile,Email,Summer Sale,Home & Kitchen,Mixer Grinder,Category Page,8.9,Added,Purchased,2,2999,100,5898,32.76,UPI,3.5
CUST0297,05-08-2026,49,Other,Delhi,Mobile,Email,Festive Sale,Fashion,Jeans,Category Page,4.7,Added,Purchased,1,499,50,449,17.55,Credit Card,3
CUST0298,09-07-2026,24,Other,Nizamabad,Mobile,Email,Diwali Sale,Home & Kitchen,Water Bottle,Home Page,4.9,Not Added,Not Purchased,0,299,0,0,35.44,Not Applicable,
CUST0299,10-06-2026,29,Other,Karimnagar,Desktop,Facebook,New Customer,Fashion,Jacket,Product Page,4.2,Not Added,Not Purchased,0,7999,0,0,75.54,Not Applicable,
CUST0300,14-08-2026,27,Other,Karimnagar,Desktop,Direct,New Customer,Books,Novel,Cart Page,9.8,Not Added,Not Purchased,0,1499,0,0,9.89,Not Applicable,
CUST0301,04-05-2026,26,Other,Chennai,Tablet,Google,No Campaign,Electronics,Power Bank,Checkout Page,3.6,Added,Not Purchased,0,1499,0,0,71.64,Not Applicable,
CUST0302,26-04-2026,51,Female,Karimnagar,Mobile,YouTube,Summer Sale,Home & Kitchen,Water Bottle,Cart Page,2.7,Added,Purchased,1,2999,300,2699,51.78,Cash on Delivery,3.5
CUST0303,17-02-2026,49,Other,Nizamabad,Mobile,Email,Flash Sale,Fashion,T-Shirt,Product Page,10.1,Not Added,Not Purchased,0,7999,0,0,28.6,Not Applicable,
CUST0304,26-04-2026,29,Male,Hyderabad,Mobile,Google,Diwali Sale,Fashion,Jacket,Product Page,15.3,Not Added,Not Purchased,0,1299,0,0,68.03,Not Applicable,
CUST0305,04-06-2026,30,Other,Warangal,Desktop,WhatsApp,New Customer,Sports,Football,Cart Page,14.9,Not Added,Not Purchased,0,2499,0,0,33.08,Not Applicable,
CUST0306,02-02-2026,30,Other,Vijayawada,Desktop,Direct,Weekend Offer,Fashion,Sneakers,Category Page,14.4,Added,Not Purchased,0,999,0,0,2.5,Not Applicable,
CUST0307,11-03-2026,27,Male,Warangal,Mobile,WhatsApp,No Campaign,Books,Exam Guide,Product Page,4.2,Added,Not Purchased,0,2999,0,0,9.25,Not Applicable,
CUST0308,15-06-2026,33,Female,Hyderabad,Mobile,Instagram,Festive Sale,Grocery,Coffee,Category Page,6.5,Added,Purchased,3,1999,0,5997,34.75,Debit Card,5
CUST0309,28-06-2026,24,Female,Visakhapatnam,Mobile,Instagram,No Campaign,Grocery,Coffee,Product Page,18.1,Not Added,Not Purchased,0,2999,0,0,51.63,Not Applicable,
CUST0310,10-08-2026,26,Male,Vijayawada,Mobile,YouTube,No Campaign,Sports,Gym Gloves,Checkout Page,11.8,Added,Not Purchased,0,7999,0,0,122.31,Not Applicable,
CUST0311,16-03-2026,22,Male,Hyderabad,Mobile,Google,New Customer,Electronics,Smart Watch,Product Page,13.5,Added,Not Purchased,0,299,0,0,130.04,Not Applicable,
CUST0312,21-06-2026,55,Other,Bengaluru,Mobile,Google,New Customer,Fashion,T-Shirt,Product Page,4.7,Not Added,Not Purchased,0,1499,0,0,53.73,Not Applicable,
CUST0313,04-06-2026,48,Male,Visakhapatnam,Desktop,Google,No Campaign,Grocery,Dry Fruits,Product Page,12.5,Added,Not Purchased,0,699,0,0,108.82,Not Applicable,
CUST0314,18-04-2026,49,Other,Warangal,Tablet,YouTube,Flash Sale,Beauty,Shampoo,Cart Page,18.2,Not Added,Not Purchased,0,1299,0,0,75.76,Not Applicable,
CUST0315,10-02-2026,25,Other,Chennai,Mobile,Facebook,Festive Sale,Books,Exam Guide,Product Page,3.3,Added,Purchased,2,1299,50,2548,76.36,UPI,5
CUST0316,26-02-2026,25,Female,Vijayawada,Mobile,Instagram,Festive Sale,Electronics,Bluetooth Speaker,Product Page,9.7,Not Added,Not Purchased,0,999,0,0,60.57,Not Applicable,
CUST0317,02-04-2026,23,Other,Chennai,Mobile,WhatsApp,Flash Sale,Electronics,Power Bank,Product Page,2.7,Added,Not Purchased,0,7999,0,0,21.37,Not Applicable,
CUST0318,07-01-2026,27,Other,Warangal,Tablet,Direct,No Campaign,Beauty,Shampoo,Category Page,13,Not Added,Not Purchased,0,4999,0,0,8.37,Not Applicable,
CUST0319,11-03-2026,29,Other,Warangal,Desktop,YouTube,Diwali Sale,Electronics,Laptop Bag,Product Page,2.4,Not Added,Not Purchased,0,499,0,0,70.73,Not Applicable,
CUST0320,18-05-2026,52,Other,Vijayawada,Desktop,YouTube,Summer Sale,Grocery,Organic Rice,Product Page,3.5,Added,Not Purchased,0,4999,0,0,60.36,Not Applicable,
CUST0321,10-05-2026,41,Male,Mumbai,Mobile,Google,New Customer,Fashion,Jeans,Cart Page,15.2,Added,Not Purchased,0,1999,0,0,92.38,Not Applicable,
CUST0322,08-03-2026,52,Female,Warangal,Mobile,Facebook,Diwali Sale,Books,Data Science Book,Product Page,19.8,Added,Purchased,1,999,100,899,66.21,UPI,5
CUST0323,28-03-2026,53,Female,Nizamabad,Mobile,YouTube,Weekend Offer,Sports,Gym Gloves,Category Page,18.8,Added,Not Purchased,0,2999,0,0,81.32,Not Applicable,
CUST0324,24-03-2026,18,Male,Mumbai,Desktop,Google,No Campaign,Home & Kitchen,Mixer Grinder,Checkout Page,19.6,Added,Not Purchased,0,1299,0,0,87.26,Not Applicable,
CUST0325,13-06-2026,32,Female,Visakhapatnam,Mobile,WhatsApp,Weekend Offer,Books,Exam Guide,Product Page,7.6,Not Added,Not Purchased,0,299,0,0,6.55,Not Applicable,
CUST0326,17-08-2026,54,Male,Visakhapatnam,Mobile,Direct,Flash Sale,Beauty,Face Wash,Product Page,16.7,Not Added,Not Purchased,0,499,0,0,8.23,Not Applicable,
CUST0327,20-04-2026,19,Male,Nizamabad,Mobile,Email,No Campaign,Sports,Football,Product Page,1.2,Added,Not Purchased,0,4999,0,0,34.01,Not Applicable,
CUST0328,05-05-2026,52,Other,Delhi,Mobile,Email,Flash Sale,Sports,Skipping Rope,Cart Page,3.3,Not Added,Not Purchased,0,1999,0,0,37.69,Not Applicable,
CUST0329,06-07-2026,23,Male,Delhi,Mobile,Google,Flash Sale,Sports,Gym Gloves,Product Page,10.7,Added,Purchased,3,499,0,1497,101.93,Wallet,3.5
CUST0330,06-04-2026,39,Other,Chennai,Mobile,Email,Flash Sale,Sports,Skipping Rope,Category Page,8.8,Not Added,Not Purchased,0,1499,0,0,31.5,Not Applicable,
CUST0331,28-05-2026,49,Other,Delhi,Desktop,Email,Diwali Sale,Grocery,Snacks Pack,Category Page,15.1,Not Added,Not Purchased,0,1299,0,0,35.74,Not Applicable,
CUST0332,04-06-2026,29,Female,Nizamabad,Mobile,WhatsApp,Diwali Sale,Fashion,Jacket,Product Page,5.4,Added,Not Purchased,0,1499,0,0,13.3,Not Applicable,
CUST0333,02-04-2026,51,Other,Warangal,Mobile,YouTube,Summer Sale,Electronics,Wireless Earbuds,Category Page,12,Not Added,Not Purchased,0,4999,0,0,123.19,Not Applicable,
CUST0334,17-07-2026,25,Other,Nizamabad,Mobile,Direct,Weekend Offer,Home & Kitchen,Storage Box,Product Page,19.1,Added,Purchased,2,699,100,1298,7.12,Net Banking,4.5
CUST0335,01-02-2026,34,Male,Delhi,Mobile,Facebook,Festive Sale,Books,Business Book,Category Page,16.1,Added,Purchased,2,499,250,748,46.03,Net Banking,3
CUST0336,08-08-2026,32,Male,Visakhapatnam,Mobile,Direct,Diwali Sale,Home & Kitchen,Storage Box,Product Page,16,Added,Not Purchased,0,2499,0,0,5.55,Not Applicable,
CUST0337,19-05-2026,53,Other,Karimnagar,Mobile,Google,New Customer,Home & Kitchen,Bedsheet,Checkout Page,3.4,Added,Not Purchased,0,2999,0,0,41.1,Not Applicable,
CUST0338,30-04-2026,24,Male,Bengaluru,Desktop,Direct,New Customer,Home & Kitchen,Cookware Set,Cart Page,14.2,Not Added,Not Purchased,0,999,0,0,7.17,Not Applicable,
CUST0339,14-08-2026,18,Female,Bengaluru,Mobile,Google,No Campaign,Grocery,Green Tea,Product Page,2.6,Added,Purchased,2,4999,0,9998,91.92,Credit Card,4
CUST0340,14-03-2026,29,Other,Karimnagar,Mobile,Direct,Diwali Sale,Fashion,Jeans,Checkout Page,18.3,Added,Not Purchased,0,2499,0,0,6.08,Not Applicable,
CUST0341,05-08-2026,27,Other,Mumbai,Mobile,Facebook,Flash Sale,Electronics,Laptop Bag,Product Page,19.1,Not Added,Not Purchased,0,299,0,0,102.46,Not Applicable,
CUST0342,25-08-2026,41,Other,Bengaluru,Mobile,WhatsApp,Diwali Sale,Fashion,Jacket,Cart Page,3.7,Added,Not Purchased,0,1999,0,0,21.68,Not Applicable,
CUST0343,16-08-2026,25,Male,Warangal,Mobile,WhatsApp,No Campaign,Home & Kitchen,Cookware Set,Product Page,1.1,Not Added,Not Purchased,0,499,0,0,16.96,Not Applicable,
CUST0344,19-06-2026,29,Female,Hyderabad,Mobile,Direct,Diwali Sale,Home & Kitchen,Bedsheet,Checkout Page,4.5,Added,Purchased,3,2499,250,7247,3.67,Debit Card,3.5
CUST0345,07-01-2026,18,Other,Visakhapatnam,Mobile,Google,Festive Sale,Electronics,Smart Watch,Cart Page,18,Not Added,Not Purchased,0,499,0,0,104.11,Not Applicable,
CUST0346,26-01-2026,53,Male,Visakhapatnam,Mobile,YouTube,Summer Sale,Home & Kitchen,Bedsheet,Cart Page,4.7,Added,Purchased,1,699,300,399,119.17,UPI,4.5
CUST0347,13-06-2026,41,Male,Delhi,Mobile,Google,Summer Sale,Grocery,Organic Rice,Checkout Page,19.3,Added,Purchased,3,1999,300,5697,99.84,Credit Card,4
CUST0348,25-03-2026,54,Other,Vijayawada,Mobile,Google,New Customer,Grocery,Dry Fruits,Checkout Page,19.3,Added,Purchased,1,1499,200,1299,27.7,UPI,3.5
CUST0349,29-05-2026,33,Male,Mumbai,Mobile,Direct,No Campaign,Electronics,Power Bank,Product Page,15.2,Added,Purchased,3,299,50,847,4.58,Credit Card,5
CUST0350,17-07-2026,28,Female,Warangal,Mobile,Email,Weekend Offer,Home & Kitchen,Storage Box,Product Page,13,Not Added,Not Purchased,0,4999,0,0,18.94,Not Applicable,
CUST0351,09-01-2026,55,Other,Nizamabad,Tablet,Google,Summer Sale,Beauty,Shampoo,Cart Page,13.2,Not Added,Not Purchased,0,7999,0,0,129.19,Not Applicable,
CUST0352,22-01-2026,29,Other,Hyderabad,Mobile,Google,New Customer,Books,Python Book,Product Page,1.3,Added,Not Purchased,0,699,0,0,40.5,Not Applicable,
CUST0353,25-07-2026,40,Other,Delhi,Desktop,Email,New Customer,Grocery,Dry Fruits,Product Page,10.7,Added,Not Purchased,0,2499,0,0,9.34,Not Applicable,
CUST0354,15-02-2026,50,Female,Vijayawada,Desktop,Google,Diwali Sale,Beauty,Shampoo,Category Page,2.2,Added,Not Purchased,0,499,0,0,120.45,Not Applicable,
CUST0355,10-05-2026,31,Female,Delhi,Mobile,Facebook,New Customer,Home & Kitchen,Storage Box,Category Page,12.1,Added,Not Purchased,0,299,0,0,109.27,Not Applicable,
CUST0356,08-04-2026,30,Male,Mumbai,Mobile,Google,Flash Sale,Grocery,Coffee,Product Page,19.5,Added,Purchased,2,499,50,948,101.19,Net Banking,3
CUST0357,12-06-2026,38,Male,Visakhapatnam,Desktop,Direct,Diwali Sale,Grocery,Snacks Pack,Checkout Page,17.1,Added,Not Purchased,0,699,0,0,5.98,Not Applicable,
CUST0358,16-02-2026,33,Male,Bengaluru,Desktop,Google,No Campaign,Grocery,Dry Fruits,Cart Page,14,Not Added,Not Purchased,0,999,0,0,120.79,Not Applicable,
CUST0359,17-02-2026,30,Other,Vijayawada,Mobile,Instagram,Summer Sale,Home & Kitchen,Water Bottle,Product Page,7,Not Added,Not Purchased,0,2499,0,0,90.39,Not Applicable,
CUST0360,18-04-2026,55,Male,Delhi,Mobile,Google,Flash Sale,Grocery,Organic Rice,Checkout Page,9.9,Added,Not Purchased,0,699,0,0,36.89,Not Applicable,
CUST0361,16-07-2026,26,Female,Visakhapatnam,Mobile,Direct,Diwali Sale,Fashion,Jeans,Cart Page,5.2,Added,Not Purchased,0,4999,0,0,6.77,Not Applicable,
CUST0362,17-02-2026,29,Male,Visakhapatnam,Desktop,Google,New Customer,Fashion,T-Shirt,Checkout Page,14.9,Added,Not Purchased,0,1299,0,0,28.41,Not Applicable,
CUST0363,11-06-2026,34,Other,Vijayawada,Mobile,Instagram,Diwali Sale,Books,Data Science Book,Product Page,14.7,Added,Purchased,1,2499,250,2249,44.46,Wallet,3
CUST0364,13-05-2026,33,Male,Karimnagar,Mobile,YouTube,Flash Sale,Beauty,Lipstick,Checkout Page,14.2,Added,Not Purchased,0,2999,0,0,68.04,Not Applicable,
CUST0365,18-08-2026,53,Female,Visakhapatnam,Mobile,Instagram,Summer Sale,Home & Kitchen,Storage Box,Category Page,8.5,Added,Not Purchased,0,699,0,0,39.27,Not Applicable,
CUST0366,11-04-2026,25,Other,Karimnagar,Mobile,WhatsApp,New Customer,Books,Novel,Home Page,12,Added,Purchased,3,4999,200,14797,14.19,Cash on Delivery,5
CUST0367,19-08-2026,38,Male,Visakhapatnam,Mobile,Google,Weekend Offer,Electronics,Power Bank,Category Page,4,Added,Not Purchased,0,2999,0,0,54.24,Not Applicable,
CUST0368,20-07-2026,48,Other,Karimnagar,Desktop,Google,Festive Sale,Beauty,Shampoo,Checkout Page,12.3,Added,Not Purchased,0,299,0,0,48.94,Not Applicable,
CUST0369,19-05-2026,44,Female,Hyderabad,Tablet,Direct,Flash Sale,Grocery,Snacks Pack,Product Page,4.3,Not Added,Not Purchased,0,1299,0,0,7.73,Not Applicable,
CUST0370,15-08-2026,49,Male,Mumbai,Mobile,YouTube,Flash Sale,Books,Data Science Book,Category Page,1.3,Added,Not Purchased,0,2499,0,0,114.79,Not Applicable,
CUST0371,21-07-2026,21,Other,Bengaluru,Desktop,WhatsApp,Diwali Sale,Books,Business Book,Cart Page,15.6,Added,Not Purchased,0,999,0,0,10.77,Not Applicable,
CUST0372,31-03-2026,23,Other,Nizamabad,Mobile,YouTube,Festive Sale,Electronics,Bluetooth Speaker,Product Page,14.1,Not Added,Not Purchased,0,999,0,0,35.44,Not Applicable,
CUST0373,04-08-2026,47,Female,Warangal,Desktop,YouTube,No Campaign,Home & Kitchen,Bedsheet,Product Page,8.6,Added,Not Purchased,0,1999,0,0,134.34,Not Applicable,
CUST0374,03-07-2026,42,Other,Warangal,Mobile,Facebook,No Campaign,Home & Kitchen,Mixer Grinder,Category Page,16.9,Not Added,Not Purchased,0,1999,0,0,59.09,Not Applicable,
CUST0375,14-08-2026,52,Male,Vijayawada,Desktop,Facebook,Festive Sale,Sports,Football,Home Page,4.4,Added,Not Purchased,0,4999,0,0,88.72,Not Applicable,
CUST0376,15-06-2026,26,Male,Karimnagar,Mobile,Instagram,Weekend Offer,Grocery,Organic Rice,Checkout Page,3.1,Added,Not Purchased,0,1499,0,0,27.59,Not Applicable,
CUST0377,18-03-2026,42,Other,Bengaluru,Desktop,YouTube,No Campaign,Electronics,Smart Watch,Checkout Page,14,Added,Not Purchased,0,1299,0,0,125.83,Not Applicable,
CUST0378,10-05-2026,26,Male,Vijayawada,Mobile,Google,Weekend Offer,Beauty,Moisturizer,Cart Page,6.5,Added,Purchased,1,1999,150,1849,27.15,Debit Card,4.5
CUST0379,05-04-2026,40,Female,Hyderabad,Mobile,Direct,Flash Sale,Fashion,Jacket,Checkout Page,19.5,Added,Not Purchased,0,7999,0,0,8.95,Not Applicable,
CUST0380,30-01-2026,21,Female,Delhi,Mobile,Email,Festive Sale,Beauty,Moisturizer,Category Page,19,Added,Purchased,2,2999,100,5898,30,Cash on Delivery,4.5
CUST0381,01-07-2026,48,Male,Nizamabad,Desktop,Google,No Campaign,Sports,Cricket Bat,Category Page,16.5,Added,Not Purchased,0,2499,0,0,80.99,Not Applicable,
CUST0382,05-06-2026,29,Female,Warangal,Mobile,Google,Diwali Sale,Grocery,Snacks Pack,Cart Page,12.8,Added,Not Purchased,0,1999,0,0,65.91,Not Applicable,
CUST0383,05-06-2026,39,Male,Delhi,Mobile,Google,Flash Sale,Books,Data Science Book,Cart Page,1.4,Not Added,Not Purchased,0,999,0,0,100.33,Not Applicable,
CUST0384,18-08-2026,47,Male,Bengaluru,Mobile,Email,New Customer,Fashion,Jeans,Cart Page,17.8,Added,Purchased,2,299,500,98,38.48,UPI,4.5
CUST0385,16-01-2026,19,Other,Visakhapatnam,Desktop,YouTube,New Customer,Fashion,Sneakers,Home Page,9.1,Added,Purchased,2,2999,500,5498,36.73,Wallet,3
CUST0386,03-07-2026,51,Female,Vijayawada,Mobile,Instagram,Diwali Sale,Grocery,Snacks Pack,Product Page,1.1,Added,Purchased,3,699,100,1997,38.58,Credit Card,3.5
CUST0387,11-02-2026,44,Male,Bengaluru,Mobile,YouTube,Flash Sale,Home & Kitchen,Storage Box,Category Page,17,Not Added,Not Purchased,0,2499,0,0,62.87,Not Applicable,
CUST0388,04-08-2026,31,Other,Warangal,Desktop,YouTube,Festive Sale,Home & Kitchen,Bedsheet,Cart Page,15.2,Added,Purchased,1,999,0,999,143,Net Banking,5
CUST0389,26-04-2026,50,Male,Delhi,Mobile,Instagram,No Campaign,Sports,Football,Category Page,5.1,Not Added,Not Purchased,0,699,0,0,33.21,Not Applicable,
CUST0390,10-08-2026,19,Male,Nizamabad,Mobile,Email,Weekend Offer,Books,Data Science Book,Checkout Page,4,Added,Purchased,2,1299,100,2498,7.35,Wallet,4
CUST0391,13-03-2026,45,Female,Mumbai,Desktop,Google,Weekend Offer,Home & Kitchen,Bedsheet,Product Page,4.6,Not Added,Not Purchased,0,2999,0,0,121.91,Not Applicable,
CUST0392,26-02-2026,32,Other,Warangal,Mobile,WhatsApp,Summer Sale,Fashion,Sneakers,Product Page,7.6,Not Added,Not Purchased,0,1999,0,0,14.83,Not Applicable,
CUST0393,09-03-2026,52,Male,Bengaluru,Mobile,WhatsApp,Weekend Offer,Books,Python Book,Product Page,5.8,Added,Not Purchased,0,1999,0,0,10.13,Not Applicable,
CUST0394,23-03-2026,36,Male,Mumbai,Desktop,WhatsApp,Summer Sale,Fashion,Jeans,Product Page,3.3,Added,Purchased,1,2499,200,2299,11.39,Wallet,3
CUST0395,16-03-2026,28,Female,Mumbai,Desktop,Email,No Campaign,Sports,Cricket Bat,Home Page,18.2,Not Added,Not Purchased,0,1499,0,0,23.72,Not Applicable,
CUST0396,03-01-2026,42,Other,Chennai,Mobile,Instagram,Weekend Offer,Sports,Skipping Rope,Product Page,11.2,Added,Not Purchased,0,1499,0,0,61.93,Not Applicable,
CUST0397,01-05-2026,27,Male,Bengaluru,Mobile,Email,New Customer,Books,Novel,Cart Page,3.3,Added,Purchased,1,1499,200,1299,6.15,Debit Card,5
CUST0398,15-06-2026,18,Other,Hyderabad,Mobile,Email,Flash Sale,Books,Python Book,Product Page,4.3,Added,Not Purchased,0,1299,0,0,12.73,Not Applicable,
CUST0399,11-08-2026,33,Female,Karimnagar,Tablet,Facebook,New Customer,Books,Python Book,Product Page,8.1,Not Added,Not Purchased,0,2499,0,0,55.93,Not Applicable,
CUST0400,19-03-2026,21,Other,Bengaluru,Mobile,YouTube,Weekend Offer,Sports,Football,Product Page,4.1,Not Added,Not Purchased,0,4999,0,0,75.24,Not Applicable,
CUST0401,15-05-2026,25,Male,Hyderabad,Desktop,Email,Flash Sale,Beauty,Sunscreen,Product Page,3.6,Added,Purchased,2,499,0,998,22.15,Wallet,3.5
CUST0402,02-06-2026,25,Male,Karimnagar,Mobile,Facebook,New Customer,Sports,Cricket Bat,Product Page,7.3,Not Added,Not Purchased,0,1999,0,0,48.92,Not Applicable,
CUST0403,12-07-2026,46,Female,Vijayawada,Mobile,WhatsApp,No Campaign,Sports,Yoga Mat,Product Page,16.3,Added,Not Purchased,0,7999,0,0,20.72,Not Applicable,
CUST0404,09-07-2026,53,Female,Delhi,Mobile,WhatsApp,Festive Sale,Fashion,Jeans,Product Page,11.3,Not Added,Not Purchased,0,7999,0,0,12.9,Not Applicable,
CUST0405,01-05-2026,47,Other,Warangal,Desktop,Facebook,Diwali Sale,Fashion,T-Shirt,Home Page,18.2,Added,Not Purchased,0,499,0,0,63.08,Not Applicable,
CUST0406,04-04-2026,43,Female,Hyderabad,Mobile,Instagram,Festive Sale,Sports,Cricket Bat,Product Page,5.4,Added,Purchased,3,2499,250,7247,33.02,Net Banking,4
CUST0407,11-04-2026,52,Male,Warangal,Desktop,Direct,Diwali Sale,Books,Data Science Book,Category Page,1.5,Added,Not Purchased,0,2499,0,0,1.17,Not Applicable,
CUST0408,04-04-2026,26,Other,Nizamabad,Mobile,Email,New Customer,Sports,Yoga Mat,Product Page,19.3,Not Added,Not Purchased,0,1499,0,0,14.24,Not Applicable,
CUST0409,10-06-2026,21,Female,Hyderabad,Mobile,Direct,New Customer,Grocery,Snacks Pack,Cart Page,6.1,Added,Purchased,1,1999,500,1499,3.05,Cash on Delivery,5
CUST0410,05-06-2026,27,Male,Nizamabad,Mobile,Facebook,Summer Sale,Beauty,Sunscreen,Home Page,7.7,Not Added,Not Purchased,0,2499,0,0,91.89,Not Applicable,
CUST0411,04-05-2026,55,Male,Mumbai,Tablet,Email,No Campaign,Books,Python Book,Cart Page,9.9,Added,Not Purchased,0,1999,0,0,22.77,Not Applicable,
CUST0412,24-02-2026,38,Female,Bengaluru,Mobile,Facebook,Summer Sale,Home & Kitchen,Cookware Set,Product Page,9,Added,Not Purchased,0,7999,0,0,36.84,Not Applicable,
CUST0413,26-03-2026,18,Other,Nizamabad,Mobile,Direct,Festive Sale,Sports,Cricket Bat,Home Page,13.1,Not Added,Not Purchased,0,1499,0,0,7.62,Not Applicable,
CUST0414,27-02-2026,51,Male,Vijayawada,Mobile,Instagram,Weekend Offer,Sports,Football,Cart Page,8,Added,Not Purchased,0,2499,0,0,85.21,Not Applicable,
CUST0415,07-06-2026,19,Male,Karimnagar,Mobile,YouTube,No Campaign,Books,Exam Guide,Home Page,10,Not Added,Not Purchased,0,299,0,0,125.15,Not Applicable,
CUST0416,22-04-2026,42,Male,Warangal,Tablet,Google,Festive Sale,Fashion,T-Shirt,Cart Page,16.7,Not Added,Not Purchased,0,1499,0,0,119.46,Not Applicable,
CUST0417,23-02-2026,41,Other,Mumbai,Mobile,Google,Flash Sale,Beauty,Moisturizer,Home Page,14.2,Added,Purchased,3,299,100,797,105.97,Credit Card,4.5
CUST0418,27-04-2026,32,Male,Delhi,Mobile,Facebook,Summer Sale,Sports,Football,Home Page,6,Not Added,Not Purchased,0,999,0,0,32.3,Not Applicable,
CUST0419,25-08-2026,23,Female,Warangal,Mobile,Direct,Festive Sale,Sports,Skipping Rope,Cart Page,12.8,Added,Purchased,2,1999,300,3698,0.08,Credit Card,5
CUST0420,20-08-2026,34,Female,Chennai,Mobile,Google,Festive Sale,Grocery,Dry Fruits,Product Page,8,Added,Purchased,3,499,50,1447,102.77,Credit Card,3.5
CUST0421,07-08-2026,44,Male,Karimnagar,Mobile,Facebook,Diwali Sale,Fashion,Kurti,Category Page,9.5,Added,Not Purchased,0,499,0,0,77.03,Not Applicable,
CUST0422,24-01-2026,52,Other,Delhi,Tablet,Google,New Customer,Electronics,Power Bank,Checkout Page,19,Added,Not Purchased,0,499,0,0,36.43,Not Applicable,
CUST0423,18-01-2026,18,Female,Warangal,Tablet,YouTube,New Customer,Books,Business Book,Category Page,17.9,Added,Not Purchased,0,999,0,0,35.21,Not Applicable,
CUST0424,11-03-2026,47,Other,Bengaluru,Desktop,Facebook,New Customer,Home & Kitchen,Storage Box,Category Page,7,Not Added,Not Purchased,0,2499,0,0,71.45,Not Applicable,
CUST0425,31-05-2026,30,Female,Hyderabad,Mobile,Facebook,Flash Sale,Electronics,Laptop Bag,Product Page,16.8,Not Added,Not Purchased,0,2499,0,0,37.25,Not Applicable,
CUST0426,02-05-2026,45,Male,Nizamabad,Mobile,WhatsApp,Flash Sale,Beauty,Shampoo,Product Page,14.5,Added,Purchased,2,999,0,1998,32.53,Cash on Delivery,3
CUST0427,13-07-2026,45,Female,Bengaluru,Tablet,Facebook,No Campaign,Electronics,Wireless Earbuds,Category Page,7.1,Added,Not Purchased,0,2999,0,0,48,Not Applicable,
CUST0428,20-02-2026,38,Other,Warangal,Desktop,Facebook,No Campaign,Grocery,Snacks Pack,Product Page,18.2,Added,Not Purchased,0,1999,0,0,90.9,Not Applicable,
CUST0429,05-08-2026,19,Other,Delhi,Tablet,Google,Festive Sale,Sports,Football,Category Page,15.5,Not Added,Not Purchased,0,2999,0,0,128.55,Not Applicable,
CUST0430,02-03-2026,24,Other,Nizamabad,Mobile,YouTube,Weekend Offer,Home & Kitchen,Mixer Grinder,Checkout Page,4.5,Added,Purchased,2,2499,100,4898,100.66,UPI,3.5
CUST0431,06-06-2026,31,Female,Chennai,Mobile,Instagram,No Campaign,Electronics,Laptop Bag,Category Page,18.3,Not Added,Not Purchased,0,299,0,0,28.2,Not Applicable,
CUST0432,08-07-2026,29,Male,Vijayawada,Mobile,Direct,Weekend Offer,Electronics,Laptop Bag,Home Page,2.6,Added,Purchased,1,4999,200,4799,2.53,Net Banking,3.5
CUST0433,25-03-2026,31,Other,Bengaluru,Desktop,Direct,Festive Sale,Electronics,Power Bank,Cart Page,9,Not Added,Not Purchased,0,1299,0,0,3.75,Not Applicable,
CUST0434,10-02-2026,26,Female,Karimnagar,Mobile,Instagram,Diwali Sale,Grocery,Dry Fruits,Home Page,6.1,Added,Purchased,1,299,200,99,89.74,Cash on Delivery,3
CUST0435,31-03-2026,45,Male,Hyderabad,Desktop,YouTube,Festive Sale,Sports,Cricket Bat,Home Page,12.9,Added,Purchased,3,1299,500,3397,60.71,Cash on Delivery,5
CUST0436,01-06-2026,31,Male,Nizamabad,Mobile,Google,No Campaign,Grocery,Snacks Pack,Category Page,13.7,Not Added,Not Purchased,0,7999,0,0,49.69,Not Applicable,
CUST0437,19-01-2026,51,Other,Delhi,Mobile,Facebook,Festive Sale,Fashion,T-Shirt,Category Page,18.6,Not Added,Not Purchased,0,2999,0,0,68.47,Not Applicable,
CUST0438,03-05-2026,41,Female,Bengaluru,Desktop,WhatsApp,No Campaign,Electronics,Bluetooth Speaker,Checkout Page,5.1,Added,Not Purchased,0,299,0,0,30.03,Not Applicable,
CUST0439,04-01-2026,34,Female,Hyderabad,Desktop,Direct,Flash Sale,Electronics,Power Bank,Checkout Page,6.2,Added,Purchased,2,7999,300,15698,0.97,UPI,3.5
CUST0440,25-05-2026,55,Male,Hyderabad,Mobile,WhatsApp,New Customer,Grocery,Dry Fruits,Cart Page,16.1,Added,Purchased,2,7999,200,15798,21.87,Wallet,4
CUST0441,08-03-2026,22,Female,Vijayawada,Desktop,Instagram,New Customer,Grocery,Snacks Pack,Category Page,11.3,Not Added,Not Purchased,0,1499,0,0,90.82,Not Applicable,
CUST0442,16-07-2026,25,Male,Mumbai,Desktop,Facebook,Festive Sale,Books,Exam Guide,Category Page,3.8,Added,Not Purchased,0,1999,0,0,33.85,Not Applicable,
CUST0443,10-01-2026,40,Female,Warangal,Mobile,Instagram,No Campaign,Sports,Skipping Rope,Cart Page,1.8,Added,Not Purchased,0,299,0,0,76.66,Not Applicable,
CUST0444,27-03-2026,43,Female,Mumbai,Mobile,WhatsApp,Flash Sale,Fashion,Jeans,Product Page,13.3,Added,Not Purchased,0,1299,0,0,11.22,Not Applicable,
CUST0445,05-08-2026,42,Other,Nizamabad,Mobile,WhatsApp,No Campaign,Sports,Cricket Bat,Cart Page,13.9,Not Added,Not Purchased,0,4999,0,0,32.22,Not Applicable,
CUST0446,14-03-2026,21,Female,Vijayawada,Mobile,Facebook,Summer Sale,Grocery,Green Tea,Cart Page,11.6,Added,Not Purchased,0,1999,0,0,78.82,Not Applicable,
CUST0447,18-01-2026,51,Female,Hyderabad,Mobile,YouTube,Weekend Offer,Electronics,Wireless Earbuds,Cart Page,13.6,Added,Purchased,3,999,500,2497,112.41,UPI,5
CUST0448,08-07-2026,19,Male,Chennai,Mobile,Direct,No Campaign,Grocery,Green Tea,Category Page,7.4,Not Added,Not Purchased,0,499,0,0,3.66,Not Applicable,
CUST0449,17-06-2026,41,Other,Bengaluru,Desktop,WhatsApp,Flash Sale,Electronics,Wireless Earbuds,Product Page,11.8,Added,Purchased,1,1299,100,1199,30.37,Credit Card,3.5
CUST0450,09-06-2026,54,Female,Bengaluru,Desktop,Email,Summer Sale,Beauty,Shampoo,Product Page,5.3,Not Added,Not Purchased,0,1499,0,0,32.71,Not Applicable,
CUST0451,08-02-2026,39,Other,Vijayawada,Mobile,Direct,Festive Sale,Sports,Cricket Bat,Checkout Page,16.1,Added,Not Purchased,0,1999,0,0,6.03,Not Applicable,
CUST0452,08-07-2026,19,Female,Warangal,Mobile,YouTube,Festive Sale,Fashion,Jeans,Home Page,6.3,Added,Not Purchased,0,699,0,0,56.37,Not Applicable,
CUST0453,22-03-2026,20,Female,Nizamabad,Mobile,Instagram,Festive Sale,Electronics,Wireless Earbuds,Product Page,14.8,Added,Purchased,2,499,0,998,51.39,Debit Card,4.5
CUST0454,22-01-2026,43,Male,Visakhapatnam,Mobile,Email,Weekend Offer,Grocery,Snacks Pack,Cart Page,15.9,Not Added,Not Purchased,0,999,0,0,10.88,Not Applicable,
CUST0455,30-03-2026,48,Other,Chennai,Mobile,Facebook,Weekend Offer,Home & Kitchen,Storage Box,Checkout Page,15.6,Added,Purchased,2,4999,250,9748,29.51,Debit Card,4
CUST0456,02-03-2026,43,Other,Bengaluru,Tablet,WhatsApp,New Customer,Home & Kitchen,Storage Box,Home Page,6.3,Not Added,Not Purchased,0,499,0,0,15.82,Not Applicable,
CUST0457,24-01-2026,51,Other,Karimnagar,Desktop,WhatsApp,Diwali Sale,Sports,Yoga Mat,Category Page,4.2,Added,Purchased,1,1999,50,1949,27.67,Cash on Delivery,4.5
CUST0458,29-05-2026,35,Male,Karimnagar,Mobile,Facebook,Festive Sale,Books,Business Book,Cart Page,15.3,Added,Purchased,1,499,0,499,65.19,Cash on Delivery,5
CUST0459,27-02-2026,27,Other,Chennai,Mobile,Google,Diwali Sale,Books,Exam Guide,Product Page,4.9,Not Added,Not Purchased,0,7999,0,0,88.54,Not Applicable,
CUST0460,05-01-2026,45,Male,Hyderabad,Desktop,Instagram,Festive Sale,Fashion,T-Shirt,Product Page,2.3,Added,Purchased,2,999,0,1998,40.95,UPI,4
CUST0461,15-08-2026,18,Other,Mumbai,Mobile,Email,Festive Sale,Grocery,Organic Rice,Cart Page,3.9,Not Added,Not Purchased,0,4999,0,0,15.73,Not Applicable,
CUST0462,09-01-2026,35,Male,Chennai,Mobile,Instagram,Diwali Sale,Sports,Yoga Mat,Home Page,19.8,Not Added,Not Purchased,0,699,0,0,44.22,Not Applicable,
CUST0463,28-07-2026,27,Other,Bengaluru,Mobile,Direct,New Customer,Grocery,Green Tea,Category Page,11.4,Not Added,Not Purchased,0,2499,0,0,4.33,Not Applicable,
CUST0464,02-01-2026,28,Male,Visakhapatnam,Mobile,Facebook,Weekend Offer,Beauty,Moisturizer,Product Page,17.5,Added,Purchased,2,1299,0,2598,81.8,Wallet,4
CUST0465,20-05-2026,52,Male,Vijayawada,Mobile,Instagram,Summer Sale,Beauty,Moisturizer,Product Page,16.3,Added,Purchased,2,999,100,1898,99.35,Wallet,3
CUST0466,22-05-2026,54,Male,Vijayawada,Desktop,Facebook,Diwali Sale,Grocery,Snacks Pack,Product Page,9.2,Added,Purchased,1,1499,150,1349,75.1,Cash on Delivery,3
CUST0467,04-05-2026,47,Male,Delhi,Desktop,Email,New Customer,Home & Kitchen,Water Bottle,Checkout Page,12,Added,Purchased,3,7999,50,23947,8.37,Wallet,4.5
CUST0468,24-07-2026,33,Other,Bengaluru,Desktop,YouTube,Weekend Offer,Grocery,Organic Rice,Product Page,19.4,Added,Not Purchased,0,4999,0,0,133.68,Not Applicable,
CUST0469,14-08-2026,40,Female,Visakhapatnam,Desktop,Instagram,No Campaign,Books,Python Book,Cart Page,8.1,Not Added,Not Purchased,0,1499,0,0,31.06,Not Applicable,
CUST0470,17-06-2026,35,Other,Karimnagar,Desktop,Google,Diwali Sale,Electronics,Wireless Earbuds,Cart Page,4.7,Added,Purchased,2,1999,50,3948,71.58,Cash on Delivery,3
CUST0471,01-01-2026,31,Female,Mumbai,Tablet,Direct,Diwali Sale,Books,Exam Guide,Cart Page,9.2,Not Added,Not Purchased,0,299,0,0,6.04,Not Applicable,
CUST0472,01-02-2026,37,Other,Visakhapatnam,Mobile,Instagram,Diwali Sale,Grocery,Snacks Pack,Checkout Page,11.1,Added,Not Purchased,0,999,0,0,72.6,Not Applicable,
CUST0473,15-03-2026,32,Other,Hyderabad,Desktop,YouTube,Summer Sale,Sports,Yoga Mat,Cart Page,12,Added,Not Purchased,0,699,0,0,107.83,Not Applicable,
CUST0474,19-03-2026,38,Male,Vijayawada,Mobile,Instagram,No Campaign,Home & Kitchen,Mixer Grinder,Home Page,16.8,Not Added,Not Purchased,0,999,0,0,44.06,Not Applicable,
CUST0475,04-04-2026,18,Female,Visakhapatnam,Mobile,Email,Weekend Offer,Sports,Skipping Rope,Category Page,1.9,Not Added,Not Purchased,0,1499,0,0,34.42,Not Applicable,
CUST0476,09-04-2026,18,Male,Warangal,Desktop,WhatsApp,Weekend Offer,Electronics,Power Bank,Checkout Page,3.3,Added,Not Purchased,0,299,0,0,32.02,Not Applicable,
CUST0477,18-02-2026,23,Male,Bengaluru,Desktop,YouTube,New Customer,Grocery,Green Tea,Product Page,18.8,Added,Not Purchased,0,499,0,0,116.81,Not Applicable,
CUST0478,20-03-2026,54,Female,Warangal,Mobile,WhatsApp,Flash Sale,Books,Exam Guide,Product Page,18.8,Added,Purchased,1,299,300,0,9.53,Net Banking,3
CUST0479,05-05-2026,26,Male,Karimnagar,Desktop,Email,New Customer,Beauty,Sunscreen,Cart Page,8.6,Added,Not Purchased,0,1499,0,0,26.91,Not Applicable,
CUST0480,15-03-2026,19,Other,Karimnagar,Desktop,Facebook,No Campaign,Home & Kitchen,Storage Box,Checkout Page,14.8,Added,Not Purchased,0,299,0,0,58.67,Not Applicable,
CUST0481,08-01-2026,43,Other,Mumbai,Mobile,Facebook,Festive Sale,Books,Exam Guide,Cart Page,9.1,Not Added,Not Purchased,0,299,0,0,41.12,Not Applicable,
CUST0482,31-07-2026,18,Other,Mumbai,Mobile,Instagram,Flash Sale,Electronics,Power Bank,Cart Page,5.5,Not Added,Not Purchased,0,2999,0,0,93.7,Not Applicable,
CUST0483,06-01-2026,34,Other,Warangal,Desktop,Google,New Customer,Sports,Yoga Mat,Cart Page,14.6,Added,Not Purchased,0,699,0,0,63.7,Not Applicable,
CUST0484,25-01-2026,44,Female,Mumbai,Desktop,Google,New Customer,Home & Kitchen,Cookware Set,Checkout Page,4.5,Added,Not Purchased,0,1499,0,0,33.03,Not Applicable,
CUST0485,18-04-2026,35,Female,Vijayawada,Desktop,WhatsApp,Diwali Sale,Home & Kitchen,Cookware Set,Checkout Page,2.3,Added,Not Purchased,0,499,0,0,25.05,Not Applicable,
CUST0486,29-07-2026,24,Female,Visakhapatnam,Mobile,Facebook,Summer Sale,Grocery,Coffee,Home Page,13,Added,Purchased,1,1999,150,1849,93.97,Wallet,4
CUST0487,24-08-2026,25,Male,Visakhapatnam,Desktop,Direct,New Customer,Sports,Yoga Mat,Product Page,17.1,Added,Not Purchased,0,4999,0,0,4.08,Not Applicable,
CUST0488,24-03-2026,43,Female,Delhi,Mobile,Facebook,No Campaign,Beauty,Lipstick,Category Page,1.3,Not Added,Not Purchased,0,2999,0,0,37.46,Not Applicable,
CUST0489,04-08-2026,43,Male,Mumbai,Desktop,Email,Diwali Sale,Grocery,Dry Fruits,Product Page,9.3,Added,Not Purchased,0,7999,0,0,34.56,Not Applicable,
CUST0490,29-07-2026,24,Male,Nizamabad,Desktop,Google,Diwali Sale,Books,Data Science Book,Category Page,12.4,Added,Not Purchased,0,699,0,0,58.29,Not Applicable,
CUST0491,20-01-2026,51,Female,Chennai,Mobile,Google,Festive Sale,Grocery,Snacks Pack,Home Page,11.9,Added,Not Purchased,0,1499,0,0,128.48,Not Applicable,
CUST0492,14-02-2026,49,Female,Bengaluru,Desktop,Facebook,Summer Sale,Beauty,Moisturizer,Cart Page,8.8,Not Added,Not Purchased,0,2499,0,0,51.92,Not Applicable,
CUST0493,24-08-2026,45,Male,Delhi,Mobile,Direct,Festive Sale,Fashion,Kurti,Product Page,3.8,Not Added,Not Purchased,0,2499,0,0,5.54,Not Applicable,
CUST0494,10-03-2026,51,Male,Visakhapatnam,Desktop,Instagram,New Customer,Grocery,Coffee,Category Page,17.6,Not Added,Not Purchased,0,1999,0,0,89.2,Not Applicable,
CUST0495,06-02-2026,19,Other,Nizamabad,Mobile,WhatsApp,Flash Sale,Home & Kitchen,Storage Box,Cart Page,16.4,Not Added,Not Purchased,0,1999,0,0,9.83,Not Applicable,
CUST0496,24-07-2026,30,Male,Chennai,Tablet,Google,Flash Sale,Electronics,Power Bank,Product Page,19.1,Not Added,Not Purchased,0,1299,0,0,29.42,Not Applicable,
CUST0497,24-08-2026,24,Other,Karimnagar,Mobile,Email,Festive Sale,Grocery,Dry Fruits,Cart Page,18.7,Not Added,Not Purchased,0,499,0,0,5.34,Not Applicable,
CUST0498,24-01-2026,25,Male,Hyderabad,Desktop,WhatsApp,No Campaign,Books,Python Book,Checkout Page,19.1,Added,Not Purchased,0,499,0,0,20.64,Not Applicable,
CUST0499,09-08-2026,47,Other,Warangal,Mobile,YouTube,Weekend Offer,Sports,Gym Gloves,Product Page,5.9,Added,Purchased,2,499,100,898,140.95,Wallet,4.5
CUST0500,19-06-2026,34,Other,Delhi,Tablet,Google,Weekend Offer,Home & Kitchen,Water Bottle,Product Page,4.5,Added,Purchased,3,2999,50,8947,75.37,UPI,3
